"family","n_samp_obs","Limu_MA","CCA_MA","Coral_MA","FC_LimuVCoral","FC_LimuVCCA","FC_CoralVCCA","tuk_Coral_CCA_diff","tuk_Coral_CCA_p","tuk_Limu_CCA_diff","tuk_Limu_CCA_p","tuk_Limu_Coral_diff","tuk_Limu_Coral_p","f_stat","sum_of_sq","p_val","adj_p_val","sample_type_DA"
"Archaea_unclassified",2,6.36363636363636e-05,0,0,Inf,Inf,0,1.84933913421099e-18,1,0.0022177525076907,0.083270653121635,0.00221775250769069,0.0854407825436029,2.87658592912811,8.26084053929612e-05,0.0615205653737669,0.115063164575434,"NA"
"Nitrosopumilaceae",74,0.000790909090909091,0.0228962962962963,0.0267980952380952,-5.08247477264138,-4.85545855948332,0.227016213158057,0.000233053948564071,0.999912757390443,-0.115890332101624,1.11089028176359e-06,-0.116123386050188,1.20134778103242e-06,18.5539877549483,0.226024220962355,1.7911701851205e-07,1.93322851014729e-06,"CoralCCA"
"Nitrososphaeraceae",31,0,0.000683333333333333,0.000447619047619048,-Inf,-Inf,-0.610318074998051,-0.00579339851929409,0.363105273293924,-0.0153097164792242,0.00592292396615401,-0.00951631795993009,0.128842985372563,5.0121008004116,0.00320060473165997,0.00863343686164023,0.0225188811474449,"CCA"
"SCGC_AAA011-D5",1,0,0,4.95238095238095e-05,-Inf,0,Inf,0.00118986733668401,0.480985450674687,7.78517393298619e-19,1,-0.00118986733668401,0.572018342781447,0.825426944971536,3.09036783460456e-05,0.441336377019748,0.527245366439623,"NA"
"Woesearchaeales_unclassified",1,0,0.000511111111111111,0,0,-Inf,-Inf,-0.00377961291969945,0.500738768768641,-0.00377961291969946,0.586566606019267,-2.80653476649105e-18,1,0.788018433179723,0.000315202067573135,0.457857060383823,0.532515741603685,"NA"
"Thermoplasmata_unclassified",1,0,7.40740740740741e-06,0,0,-Inf,-Inf,-0.000453629374455554,0.50073876876864,-0.000453629374455553,0.586566606019267,6.28062829918389e-19,1,0.788018433179725,4.54042750994687e-06,0.457857060383823,0.532515741603685,"NA"
"Bryobacteraceae",1,0,0,3.61904761904762e-05,-Inf,0,Inf,0.00101707938930118,0.480985450674689,-3.69231073185341e-18,1,-0.00101707938930119,0.572018342781446,0.825426944971534,2.25799406753418e-05,0.441336377019749,0.527245366439623,"NA"
"PAUC26f_fa",64,3.03030303030303e-05,0.00421851851851852,0.00875619047619048,-8.17469745762177,-7.12113055401573,1.05356690360604,0.0179223074510691,0.184214834776118,-0.0537824759166723,3.11004153775718e-05,-0.0717047833677414,5.24619926389747e-08,19.748705820329,0.0715552719772095,7.74754250080032e-08,9.32684924134808e-07,"CoralCCA"
"Acidobacteriota_unclassified",43,0.00145454545454545,0.000177777777777778,0.000106666666666667,3.76938707185858,3.03242147769238,-0.736965594166206,-0.00234980571641135,0.639783187736074,0.0286230609679883,4.35398717080204e-10,0.0309728666843997,4.35391833697452e-10,62.3979719469053,0.0149946438740716,9.99400357995739e-18,6.25624624105333e-16,"Limu"
"Blastocatellaceae",10,3.63636363636364e-05,0.000188888888888889,9.71428571428571e-05,-1.41761144294267,-2.37696945844532,-0.959358015502654,-0.000451889104685456,0.982148366735791,-0.00207138172500168,0.748236155522514,-0.00161949262031622,0.838875829354203,0.275148221860917,6.10214188302871e-05,0.760096065828912,0.782598909883058,"NA"
"Subgroup_11_fa",53,0,0.00264814814814815,0.00499047619047619,-Inf,-Inf,0.914193649256407,0.00912788006867826,0.553217874629394,-0.0409560265413831,0.000267823479786156,-0.0500839066100613,8.96095200031422e-06,13.2549009456002,0.0361822029496508,9.00745401649043e-06,5.52810413168922e-05,"CoralCCA"
"Subgroup_21_fa",52,2.42424242424242e-05,0.00122777777777778,0.00163047619047619,-6.07161558809348,-5.66237167730757,0.409243910785905,0.000792865096220032,0.987896736606639,-0.0264479864167491,0.000105840277132452,-0.0272408515129691,7.08845333714514e-05,11.98940571664,0.012109485740643,2.42006678614722e-05,0.000126246817344013,"CoralCCA"
"Subgroup_22_fa",7,8.78787878787879e-05,1.85185185185185e-06,0.000177142857142857,-1.01132641767279,5.56847437793259,6.57980079560538,0.00363670448451257,0.216778848997396,0.00304076647544933,0.435617037383427,-0.000595938009063236,0.968550133547216,1.57656109488475,0.000260868586294346,0.212338733216738,0.306276605976217,"NA"
"Subgroup_26_fa",67,0.000512121212121212,0.000414814814814815,0.000337142857142857,0.603125284506856,0.304017897029595,-0.299107387477261,-0.00433437547091044,0.330343085335153,0.00259962178298945,0.733267869150533,0.00693399725389989,0.119351873168112,2.17534153572562,0.000710167621196603,0.119504905904471,0.202587222716214,"NA"
"Thermoanaerobaculaceae",85,0.00261515151515152,0.012962962962963,0.0169219047619048,-2.69392553006036,-2.30942907473572,0.384496455324635,0.0190725302317525,0.403040532882538,-0.0468349237397997,0.0177936820387422,-0.0659074539715521,0.000544179538263467,7.70920804543439,0.0595733287865787,0.000812215035731487,0.00254223306183955,"CoralCCA"
"Subgroup_17_fa",56,3.93939393939394e-05,0.000505555555555556,0.000687619047619048,-4.12556391043841,-3.68182403997375,0.443739870464664,0.000104231988438352,0.999478523368597,-0.0158054722709644,0.000272906779028137,-0.0159097042594028,0.000268177909025225,10.3621172333013,0.00422330042336489,8.91234604614478e-05,0.000384614793457561,"CoralCCA"
"Subgroup_9_fa",84,0.000636363636363636,0.0103833333333333,0.0117314285714286,-4.20438349685597,-4.02827445399518,0.17610904286079,0.00381532105401031,0.933825742148372,-0.0701181499481036,4.80365968780205e-07,-0.0739334710021139,1.4460008923578e-07,21.0106693673574,0.0873246741481858,3.25032636631431e-08,4.42327022894077e-07,"CoralCCA"
"uncultured",61,0.00107402597402597,0.00251402116402116,0.00296598639455782,-1.46548309635155,-1.22696791139608,0.238515184955468,0.0198648577242688,0.411210491809895,-0.0759673156474887,0.000133256609680776,-0.0958321733717575,1.75041327787895e-06,15.2226379085037,0.130531185087468,2.02010178702236e-06,1.54217526667805e-05,"CoralCCA"
"Vicinamibacterales_unclassified",31,0,0.00206296296296296,0.000900952380952381,-Inf,-Inf,-1.19519515950329,-0.0140472416763077,0.083269519415374,-0.0291808358907091,0.000466466890853279,-0.0151335942144014,0.110239623950217,7.89498119291234,0.0118213338107265,0.000693285476848191,0.00226039952347379,"CCA"
"Acidimicrobiia_unclassified",9,0,8.7037037037037e-05,0.00165142857142857,-Inf,-Inf,4.24594131604154,0.00782564117708767,0.397388110196552,-0.00279985788385808,0.912077009088349,-0.0106254990609457,0.275803447965264,1.42978409434588,0.00183124546685993,0.244744665059971,0.341108204829511,"NA"
"Actinomarinaceae",9,4.24242424242424e-05,0,2.0952380952381e-05,1.01777470172798,Inf,Inf,0.000971080435603281,0.54321174244006,0.0036025960548626,0.00252694261284103,0.00263151561925932,0.0376187839971905,6.02878044513674,0.000180639342994237,0.00349043544680272,0.0096681972995509,"Limu"
"Ilumatobacteraceae",85,0.00474242424242424,0.00273888888888889,0.00500571428571429,-0.0779512201946798,0.792033987525928,0.869985207720608,0.00791990232704948,0.639598776801046,0.018947061541162,0.145802867630036,0.0110271592141125,0.51818041809089,1.80119040576094,0.00491381659548621,0.171002569160045,0.274481046908176,"NA"
"Microtrichaceae",89,0.0547666666666667,0.0405944444444444,0.0344761904761905,0.667697705037111,0.432015773666135,-0.235681931370975,-0.0290003825212382,0.279630100586207,0.0237389239289501,0.515306311711345,0.0527393064501883,0.0440489765618638,3.09525981034021,0.0392227246530934,0.0501141927312316,0.0973308670408294,"Limu"
"Microtrichales_unclassified",85,0.00162121212121212,0.00313148148148148,0.00332761904761905,-1.03741741332058,-0.949772480316459,0.087644933004122,-0.00672377504285632,0.563837091614215,-0.0158049268423624,0.0932708949996287,-0.00908115179950609,0.452477952738594,2.23588980893593,0.00342259751828292,0.11280246317537,0.195067242949672,"NA"
"Actinobacteria_unclassified",6,0,5.55555555555556e-06,6.85714285714286e-05,-Inf,-Inf,3.6256044852185,0.00177303553765434,0.322021959142065,-0.000547564403698633,0.91900039077997,-0.00232059994135297,0.229871842965237,1.68106763723458,8.97318266319331e-05,0.191967633696043,0.297433555494631,"NA"
"Corynebacteriaceae",3,0,0,0.00019047619047619,-Inf,0,Inf,0.0032669480253443,0.232566209208979,1.87928376564154e-18,1,-0.0032669480253443,0.32761205435256,1.66274402646727,0.000232968680458184,0.195389303427246,0.297433555494631,"NA"
"Mycobacteriaceae",55,5.75757575757576e-05,0.00104444444444444,0.000965714285714286,-4.06806302525209,-4.18113045615019,-0.113067430898107,-0.00506304917989472,0.442868397453845,-0.0256720197386075,1.36156787955422e-06,-0.0206089705587128,0.00010830967579023,15.5754461608727,0.00947646160830778,1.55315625325348e-06,1.2793102822851e-05,"CoralCCA"
"Microbacteriaceae",1,0,0,3.80952380952381e-06,-Inf,0,Inf,0.00032992177140884,0.480985450674685,-2.84603070277445e-19,1,-0.000329921771408841,0.572018342781445,0.825426944971541,2.37593765329657e-06,0.441336377019746,0.527245366439623,"NA"
"Nocardioidaceae",3,0,3.7037037037037e-06,4.57142857142857e-05,-Inf,-Inf,3.6256044852185,0.00121799162687726,0.456687656514351,-0.000320757277758581,0.958591045352222,-0.00153874890463584,0.386795995317786,1.10849492884087,4.05792016190042e-05,0.334518807119242,0.438093667900932,"NA"
"Actinobacteriota_unclassified",36,0.000142424242424242,0.000561111111111111,0.000203809523809524,-0.51702673641584,-1.9780917489903,-1.46106501257446,-0.00945389313666377,0.0260175511466442,-0.0107444802313831,0.0265755983396679,-0.00129058709471932,0.946891948567165,4.86011093502627,0.00220782728335501,0.00990073188909604,0.0249913635587666,"CCA"
"67-14",4,0,6.2962962962963e-05,0,0,-Inf,-Inf,-0.00201704597692331,0.19247717464657,-0.00201704597692331,0.279460997419904,2.8158279279695e-18,1,1.90408451660906,8.97689206305615e-05,0.154911354699382,0.251229295445111,"NA"
"AncK6_fa",52,0,0.0024962962962963,0.00344761904761905,-Inf,-Inf,0.465811185286055,0.00493107789389173,0.772969066021327,-0.0399862540735429,1.40437031211915e-05,-0.0449173319674346,1.34448186828173e-06,16.6526453319989,0.0306504638931285,7.02644930225698e-07,6.87274572377011e-06,"CoralCCA"
"Bacteria_unclassified",89,0.0103424242424242,0.027137037037037,0.0353238095238095,-1.77206654998384,-1.39168881843556,0.38037773154828,0.0135521745144568,0.774344605564809,-0.0596117285363624,0.0266806191834678,-0.0731639030508192,0.00511847785431763,5.50532257181239,0.0770710553890865,0.00555125789674923,0.0149788251869182,"CoralCCA"
"Bacteroidales_unclassified",17,0.000148484848484848,0.000122222222222222,1.9047619047619e-06,6.28456124242288,0.28080910756177,-6.00375213486111,-0.00283126565332608,0.300707664673856,0.00553498669360441,0.0326808515980912,0.00836625234693049,0.000662815089940483,7.40143008275273,0.000949027236610566,0.00105711405042839,0.00318150670946237,"Limu"
"Bacteroidetes_BD2-2",2,0,0,4e-05,-Inf,0,Inf,0.00142862960384038,0.265580189263325,-4.39704214396899e-19,1,-0.00142862960384038,0.362796409454729,1.50846111863272,4.45504792073906e-05,0.226790303518501,0.320442851518645,"NA"
"Marinifilaceae",2,0,0.000342592592592593,0.000114285714285714,-Inf,-Inf,-1.58384888041045,-0.00128303008877465,0.913141096634899,-0.00309125274538499,0.667670497615928,-0.00180822265661035,0.871720609656531,0.369329750058121,0.000130753148051436,0.692240121685305,0.724652702633781,"NA"
"Marinilabiliaceae",3,0.000103030303030303,9.25925925925926e-06,0.000992380952380952,-3.2678253227205,3.47602812916799,6.74385345188849,0.00484896125061281,0.570906288169621,0.00165770889758232,0.950473849611158,-0.00319125235303049,0.830398352976926,0.523705733937848,0.000426277648630886,0.594115369137752,0.647937667387165,"NA"
"Porphyromonadaceae",2,3.03030303030303e-06,5.55555555555556e-06,0,Inf,-0.874469117916141,-Inf,-0.000392850196407867,0.59306890492644,-2.1711263051442e-05,0.998763301129912,0.000371138933356425,0.700590465709511,0.564108651657811,3.23541617161456e-06,0.570865206054189,0.624758075157207,"NA"
"Prolixibacteraceae",3,0,0.00388888888888889,3.80952380952381e-06,-Inf,-Inf,-9.99553162805614,-0.0101861198945604,0.531308828481918,-0.0106526945536371,0.586839383233744,-0.000466574659076686,0.998980910766419,0.746471698938405,0.00237395239874278,0.476947911668106,0.54257654519181,"NA"
"Bacteroidia_unclassified",49,0.00556969696969697,0.00127037037037037,0.000243809523809524,4.5137724495967,2.13234966792124,-2.38142278167547,-0.010876480407056,0.239371625135129,0.0459157798887285,1.08217645289344e-07,0.0567922602957846,6.28415652847991e-10,29.1875022721502,0.0462615494948903,1.6969904094096e-10,3.54105332096804e-09,"Limu"
"Chitinophagaceae",54,7.87878787878788e-05,7.40740740740741e-05,0.00305142857142857,-5.27536731595995,0.089005006058745,5.36437232201869,0.0324276050197533,3.38063843030589e-06,0.000861932061124383,0.991863796239368,-0.0315656729586289,7.67843100126786e-05,16.4361800968003,0.0225028222483002,8.23140371163301e-07,7.80736170224585e-06,"Coral"
"Chitinophagales_unclassified",7,0.000142424242424242,0,3.61904761904762e-05,1.97651273654172,Inf,Inf,0.00129196116152351,0.674271492661785,0.00537525390859785,0.00733282115802059,0.00408329274707434,0.0556479975228424,4.9367694316238,0.000406721595223612,0.00923938753371415,0.0235116121792888,"Limu"
"Saprospiraceae",74,0.0234666666666667,0.00151851851851852,0.00136571428571429,4.10288532688036,3.94987652057416,-0.153008806306195,-0.001137280468499,0.990282613878908,0.115864960446893,4.3537373706215e-10,0.117002240915392,4.35373070928335e-10,87.8582513335507,0.227687281716817,6.95151044565282e-22,1.08791138474467e-19,"Limu"
"Amoebophilaceae",86,0.00135151515151515,0.00434074074074074,0.0117790476190476,-3.12357330569687,-1.68336357169693,1.44020973399995,0.0356353805255498,0.00805966548556003,-0.0208185817014713,0.264055265721228,-0.056453962227021,0.000162589702334293,9.84147236537041,0.0472832364389155,0.000136349436336694,0.000547145815043402,"Coral"
"Cyclobacteriaceae",90,0.0151515151515152,0.00764074074074074,0.00621904761904762,1.28469650142333,0.98767765646798,-0.297018844955346,-0.0136121810365448,0.292537993475751,0.03151618943956,0.00811852008100866,0.0451283704761048,0.000102085332043367,9.60934036568363,0.0278311399366254,0.000165025569511826,0.000622325340448211,"Limu"
"Cytophagales_unclassified",49,0.00315454545454545,0.000561111111111111,0.000697142857142857,2.17790591332304,2.49107375263148,0.313167839308438,-0.00511688353426188,0.739038787917776,0.0200137598861573,0.033327660614398,0.0251306434204192,0.00566674891889096,5.33319916254564,0.00899482713240936,0.00647305130942085,0.017170042880074,"Limu"
"Flammeovirgaceae",41,0.00174545454545455,0.000344444444444444,0.000220952380952381,2.98179540462241,2.3412595731393,-0.640535831483114,-0.00108559031951098,0.965239114008678,0.026294744673466,1.71807811533142e-06,0.0273803349929769,7.62570262713425e-07,18.5901706189894,0.012111184949437,1.74587665963713e-07,1.93322851014729e-06,"Limu"
"Microscillaceae",1,0,0,3.42857142857143e-05,-Inf,0,Inf,0.000989941374243213,0.48098545067468,2.63084668826309e-17,1,-0.000989941374243187,0.572018342781457,0.825426944971536,2.13910469527978e-05,0.441336377019748,0.527245366439623,"NA"
"Spirosomaceae",1,0,0,3.04761904761905e-05,-Inf,0,Inf,0.000933304920678948,0.480985450674694,-3.37337459278059e-17,1,-0.000933304920678981,0.57201834278143,0.825426944971543,1.90134181954412e-05,0.441336377019745,0.527245366439623,"NA"
"Blattabacteriaceae",11,0,8.7037037037037e-05,0.00444571428571429,-Inf,-Inf,5.67464197852706,0.0185673877420346,0.138177443023011,-0.00245658420784508,0.972930729516287,-0.0210239719498797,0.144721270696908,2.53242861303463,0.00838180215054689,0.0851163343475789,0.153111566958576,"NA"
"Crocinitomicaceae",21,0.00153333333333333,7.40740740740741e-05,8.38095238095238e-05,4.19341335436468,4.37155886261196,0.178145508247281,0.000368242282136274,0.995869073942332,0.0189790115763892,0.000506508779726578,0.0186107692942529,0.000708981495849637,9.26245977574044,0.0059370893038083,0.000219829847695462,0.000809491086219759,"Limu"
"Cryomorphaceae",17,0.000206060606060606,0.000138888888888889,7.23809523809524e-05,1.50938672611442,0.569137533559474,-0.94024919255495,0.000979596809175188,0.918500058146689,0.00684376744829656,0.0470764446454766,0.00586417063912137,0.105823275800315,3.15772156274004,0.000696594370752826,0.0472711542362623,0.092474195474688,"Limu"
"Flavobacteriaceae",91,0.0598757575757576,0.0148722222222222,0.0143104761904762,2.06490032512218,2.00935177218498,-0.0555485529372005,-0.0108935921254179,0.763719926717123,0.134110736353021,5.30251620389777e-10,0.145004328478439,4.41779057780423e-10,38.3287365134039,0.328864595389009,9.09488607773319e-13,2.37224945194207e-11,"Limu"
"Flavobacteriales_unclassified",26,0.000521212121212121,0.00012037037037037,2.28571428571429e-05,4.51115365228861,2.11439032447866,-2.39676332780995,-0.00320287129883195,0.306112246883772,0.0151736037983156,6.49310849532014e-08,0.0183764750971476,6.42070174805554e-10,29.3854486958379,0.00489569123433802,1.50523290393218e-10,3.36527070664838e-09,"Limu"
"NS9_marine_group",1,3.03030303030303e-06,0,0,Inf,Inf,0,-3.69295609028942e-19,1,0.000371138933356425,0.237982212795769,0.000371138933356425,0.241596939632277,1.63594470046083,2.31350856415376e-06,0.200506326547497,0.297433555494631,"NA"
"Schleiferiaceae",23,0.000727272727272727,2.03703703703704e-05,1.9047619047619e-06,8.57674199391619,5.15795235977624,-3.41878963413995,-0.00121430596603242,0.74177551287587,0.0222942523391896,4.3537373706215e-10,0.0235085583052221,4.35370406393076e-10,91.8061661327308,0.00882850409645055,1.86126351200406e-22,5.82575479257272e-20,"Limu"
"Weeksellaceae",2,6.06060606060606e-06,0,0.000628571428571429,-6.69647081593815,Inf,Inf,0.00425352228678962,0.483036555330891,0.000524875545423154,0.991419104093895,-0.00372864674136646,0.652106666394648,0.753374403442617,0.000362578944746434,0.47372061506357,0.541148001879188,"NA"
"Melioribacteraceae",7,0,0.000162962962962963,5.71428571428571e-06,-Inf,-Inf,-4.83382713341879,-0.00415478700081301,0.0641998882841939,-0.00455886148854682,0.078011950923327,-0.000404074487733808,0.979628950197788,3.48946609719776,0.000412220136648045,0.0347080343283224,0.0729101660722477,"NA"
"Balneolaceae",20,0,0.00017962962962963,4e-04,-Inf,-Inf,1.15497465997634,0.00331297251494957,0.562857283535676,-0.00551421360725605,0.297141944815178,-0.00882718612220562,0.04992790355689,2.8415393769238,0.00105278791236704,0.0635816187702775,0.117064980441746,"Coral"
"Rhodothermaceae",73,0.000751515151515151,0.00497962962962963,0.00622095238095238,-3.04926136686715,-2.72816434668098,0.321097020186168,0.00292609362030193,0.958235180732417,-0.0319164851955517,0.0246924588303959,-0.0348425788158536,0.0132336868593793,4.80097190203067,0.0188425005970926,0.0104438660072164,0.0259438893671329,"CoralCCA"
"Bacteriovoracaceae",6,0.000690909090909091,0,4e-05,4.11042398969365,Inf,Inf,0.00106929456875618,0.927762663798354,0.0120017523572062,0.0013417918557872,0.01093245778845,0.00403378338027038,7.48730695926255,0.0022317347460014,0.000982019367204032,0.00304328774192933,"Limu"
"Bdellovibrionaceae",44,0.00169090909090909,0.000362962962962963,0.000495238095238095,1.7716048971084,2.21990485051899,0.448299953410592,-0.000128418165376601,0.999534785818224,0.0256068074768188,5.99883005758528e-06,0.0257352256421954,6.04714630880743e-06,15.9593886968886,0.0110678967470164,1.16878862018305e-06,1.04523096604942e-05,"Limu"
"Oligoflexales_fa",2,0.000303030303030303,1.85185185185185e-06,0,Inf,7.35434957257974,-Inf,-0.000226807125940036,0.992994436124906,0.00348867710976774,0.284723470307829,0.00371548423570778,0.245003095151796,1.52716221618287,0.00021864362885828,0.222724350527086,0.318118188825371,"NA"
"Oligoflexales_unclassified",1,0,4.44444444444444e-05,0,0,-Inf,-Inf,-0.00111140762094414,0.50073876876864,-0.00111140762094414,0.586566606019267,-4.7085351490799e-19,1,0.788018433179725,2.72546838556972e-05,0.457857060383823,0.532515741603685,"NA"
"Silvanigrellaceae",15,6.36363636363636e-05,1.2962962962963e-05,0.00117333333333333,-4.20461771960847,2.29545588352617,6.50007360313464,0.00594711157857071,0.472634305694226,0.00314095771082035,0.850210715217022,-0.00280615386775036,0.879679368234573,0.688129480907568,0.000628395521603759,0.505139246248618,0.566738360083074,"NA"
"Arcobacteraceae",8,0.000124242424242424,0.000438888888888889,5.71428571428571e-06,4.4424409022046,-1.82069786147516,-6.26313876367976,-0.00568811013839267,0.199453487162851,-0.00324856740891866,0.662397009243186,0.00243954272947401,0.794202957141898,1.50623669910337,0.000577499706670924,0.227278955390221,0.320442851518645,"NA"
"Campylobacterales_unclassified",4,0,0.000203703703703704,0,0,-Inf,-Inf,-0.00338836217204838,0.240020581125962,-0.00338836217204838,0.331770511540758,2.19318610891353e-18,1,1.64364260417387,0.000253322670159174,0.199022631525504,0.297433555494631,"NA"
"Anaerolineae_unclassified",46,0.000396969696969697,0.000351851851851852,0.000100952380952381,1.97535394528192,0.174060776011517,-1.8012931692704,-0.00459921345028095,0.302071269119097,0.00347351362307601,0.588237441910129,0.00807272707335696,0.0642855772553016,2.73486240700396,0.000928906112693637,0.0703003911717675,0.128678493782241,"NA"
"Anaerolineaceae",16,0,0.000151851851851852,0.000241904761904762,-Inf,-Inf,0.671774666651428,0.00104830855515127,0.920398471576607,-0.00513837843479466,0.222815495913825,-0.00618668698994593,0.118446545337317,2.1497808766101,0.000556641126682743,0.12245529714331,0.204965283453776,"NA"
"Caldilineaceae",75,0.00206666666666667,0.0210759259259259,0.0289066666666667,-3.80602463607963,-3.35021839440318,0.455806241676451,0.00792013749111412,0.931789699776207,-0.0828063473442548,0.00411848032127893,-0.090726484835369,0.00160143613425101,7.34002857957824,0.127395623614934,0.00111438465917863,0.00332192760307536,"CoralCCA"
"A4b",55,3.03030303030303e-06,0.015787037037037,0.0148,-12.2538474849874,-12.3469907359939,-0.093143251006479,-0.00551949365849691,0.947487037059026,-0.0946376346463064,2.68999247063917e-05,-0.0891181409878095,8.47582652675483e-05,12.8993185069135,0.142442301826254,1.18647278513992e-05,6.88792251861473e-05,"CoralCCA"
"Chloroflexi_unclassified",55,9.09090909090909e-05,0.00126666666666667,0.00298285714285714,-5.03612650337485,-3.80046853647236,1.23565796690249,0.00986321138826368,0.318380912854458,-0.0243902681113294,0.00617791621816866,-0.0342534794995931,8.64026403389895e-05,9.84541271432548,0.0160985723111281,0.000135909313440126,0.000547145815043402,"CoralCCA"
"AKYG1722",52,3.03030303030303e-05,0.000968518518518519,0.00068,-4.48800077083407,-4.99824565855456,-0.510244887720496,-0.00737358961387798,0.158098742105689,-0.0240634010928231,2.35418616822969e-06,-0.0166898114789452,0.00121741104619422,14.2089689093512,0.00797413730185414,4.33636372633835e-06,3.08473146896342e-05,"CoralCCA"
"Thermomicrobiales_unclassified",11,0,0.000114814814814815,5.71428571428571e-05,-Inf,-Inf,-1.00666373028101,-0.00100283231514478,0.847577536330622,-0.00380001821161368,0.168011175505595,-0.0027971858964689,0.379945108313274,1.6964894655316,0.000201380740267156,0.189135327511782,0.297433555494631,"NA"
"Dehalococcoidia_unclassified",19,0,0.000125925925925926,0.000270476190476191,-Inf,-Inf,1.10292626275169,0.00305054181862823,0.467865247150112,-0.00518262411188336,0.189285974300822,-0.00823316593051159,0.0180205666506984,3.86471366722428,0.000916049231706883,0.0245342054332091,0.0552460884934852,"Coral"
"S085_fa",33,0,0.000305555555555556,0.000683809523809524,-Inf,-Inf,1.16215980407458,0.00613524898133815,0.234386162746927,-0.00994011275083455,0.0566961362852139,-0.0160753617321727,0.000908372911897937,7.02621268012212,0.00349100565116557,0.00146070858161252,0.0043132243966483,"Coral"
"SAR202_clade_fa",56,3.03030303030303e-06,0.00385555555555556,0.0110914285714286,-11.8376955051272,-10.3132609704944,1.52443453463275,0.0291575967312562,0.0601908278675951,-0.0459745339337774,0.00554051112345377,-0.0751321306650336,3.97238611204997e-06,13.4270906215829,0.0762553758327394,7.88717302728358e-06,4.93737031507952e-05,"CoralCCA"
"JG30-KF-CM66_fa",46,0,0.000688888888888889,0.0010152380952381,-Inf,-Inf,0.559474896148491,0.00387669032543563,0.628350402276752,-0.0192630785874356,0.000358338641590739,-0.0231397689128712,1.87854249231734e-05,12.4052805098635,0.00779694926881541,1.74473777621501e-05,9.58075305184733e-05,"CoralCCA"
"KD4-96_fa",32,0.000293939393939394,0.000224074074074074,0.000108571428571429,1.43687422633006,0.391542987717548,-1.04533123861251,-0.00337345068781452,0.456570580324953,0.00301894095350596,0.615517676246958,0.00639239164132048,0.122256427436638,2.03087577451717,0.000570124320032509,0.137190851871221,0.227199664739113,"NA"
"TK17_fa",50,6.06060606060606e-06,0.00337222222222222,0.00598285714285714,-9.9471568293443,-9.12002182417182,0.827135005172472,0.0143954316708366,0.307958426316972,-0.0422379699645876,0.000774967273479366,-0.0566334016354243,6.51984628530222e-06,13.1706053606302,0.0445561918979805,9.61395020284737e-06,5.78685848748313e-05,"CoralCCA"
"Coleofasciculaceae",8,0.000115151515151515,5.74074074074074e-05,6.47619047619048e-05,0.830316070500915,1.00422458586173,0.17390851536081,0.000223833854683879,0.993101522235175,0.00158054973007601,0.76754252008499,0.00135671587539213,0.824439909743098,0.262639914234264,3.71932785280715e-05,0.769606108785494,0.78979249852413,"NA"
"Cyanobacteriales_unclassified",19,0,0.000201851851851852,0.00719428571428571,-Inf,-Inf,5.15548272816059,0.0409702645375158,0.0010334516097219,-0.00313969781293907,0.966296495928004,-0.0441099623504549,0.00217823560650754,8.99811290717385,0.0389352312458254,0.000273858926516301,0.000974066409086391,"Coral"
"Geitlerinemaceae",11,0.000181818181818182,8.7037037037037e-05,5.9047619047619e-05,1.62254568352931,1.0627951267359,-0.559750556793416,-0.00111706762984867,0.873037917509685,0.00339965569850124,0.38447413295203,0.0045167233283499,0.19165339402685,1.58374980776689,0.000284242498363907,0.210869181888524,0.306096748174912,"NA"
"Microcystaceae",30,0.00105151515151515,0.000198148148148148,9.71428571428571e-05,3.43621790891443,2.40781824898213,-1.02839965993231,-0.00391059953862296,0.420275182171828,0.0206612714671985,2.35410754889642e-07,0.0245718710058214,2.36879804660362e-09,25.9455491073718,0.00884163967817559,1.26745097747351e-09,2.47945097468255e-08,"Limu"
"Nostocaceae",85,0.0523484848484848,0.00872037037037037,0.00730285714285714,2.8416148668025,2.58568646566847,-0.255928401134031,-0.00664917212556106,0.938442068322211,0.130267930481424,2.48368073996197e-07,0.136917102606985,7.80366158359413e-08,22.0763667015036,0.300326679318534,1.58100868484879e-08,2.24934417435305e-07,"Limu"
"Phormidiaceae",68,0.0118,0.00297777777777778,0.00430285714285714,1.45542001163488,1.98647886034638,0.531058848711502,0.00351928669262817,0.956026740502286,0.0554519330611738,0.00045393692130713,0.0519326463685456,0.00115273295397245,9.03932885481753,0.0486841888253919,0.000264615647305788,0.000952008018467951,"Limu"
"Xenococcaceae",72,0.00270909090909091,0.00141111111111111,0.00122095238095238,1.14980187287225,0.940977216495011,-0.208824656377235,-0.00114058310740193,0.979699174392556,0.0179506192667068,0.0246475519827821,0.0190912023741087,0.0162591062365387,4.65769536944893,0.00577942092041045,0.0118896185892355,0.0288484544064396,"Limu"
"Cyanobacteriia_unclassified",83,0.0103484848484848,0.140501851851852,0.00926095238095238,0.160187083456393,-3.76309768651973,-3.92328476997612,-0.170182542120879,0.0148250573520399,-0.146319353193633,0.0857061172544208,0.0238631889272458,0.935219893066429,4.57959954188789,0.579429339517552,0.0127622562987769,0.0302620168296755,"CCA"
"Eurycoccales_Incertae_Sedis",78,0.00205151515151515,0.00207962962962963,0.00146095238095238,0.489780654379733,-0.0196368060205894,-0.509417460400322,-0.00602390121902504,0.586566089412412,0.00674202740764211,0.597899260645562,0.0127659286266672,0.166942955100232,1.68731669051004,0.00222804830713299,0.190814771093926,0.297433555494631,"NA"
"Eurycoccales_unclassified",22,0.000260606060606061,5.74074074074074e-05,0.000222857142857143,0.225751433426363,2.18256182712024,1.95681039369388,0.00302664682885017,0.516308162400346,0.00728412895729858,0.0576881510726257,0.00425748212844841,0.371275636417513,2.70406730520732,0.000726041320284282,0.0723718561494861,0.131699947527844,"NA"
"Unknown_Family",2,0.00189494949494949,0.000354320987654321,0.000797460317460317,1.24867476193142,2.4190305686447,1.17035580671329,-0.00224072318039425,0.356840618493971,-0.00224072318039425,0.451277951365261,-2.26133595975548e-19,1,1.17993637624024,0.000110782413350671,0.312006225157109,0.413804866415996,"NA"
"Nodosilineaceae",51,0.000248484848484849,0.00072037037037037,0.00185142857142857,-2.89740910068003,-1.53558095756309,1.36182814311694,0.00975909605210582,0.258919482747055,-0.00833744106070159,0.465108306107422,-0.0180965371128074,0.0323518978922236,3.39840057002075,0.0045937609067877,0.0377718002481658,0.0782951885938801,"Coral"
"Phormidesmiaceae",78,0.0116363636363636,0.00214259259259259,0.00330285714285714,1.81685381069435,2.44121082930604,0.624357018611691,-0.00161463649124754,0.986380363252223,0.063364639027881,1.41622549731935e-06,0.0649792755191285,8.95328196692802e-07,18.6016807652633,0.0691871189023157,1.73171512660708e-07,1.93322851014729e-06,"Limu"
"Phormidesmiales_unclassified",20,0.000278787878787879,5.55555555555556e-05,0.000380952380952381,-0.450442835410043,2.32716474325351,2.77760757866355,0.00311356817468183,0.619353032828744,0.00694145514335089,0.165830584388006,0.00382788696866906,0.576594362290232,1.68643465332235,0.000662999882871141,0.190977064626501,0.297433555494631,"NA"
"Cyanobiaceae",58,0.00119090909090909,0.00022962962962963,0.000253333333333333,2.23295446506509,2.37468257467675,0.14172810961166,0.00148618336370742,0.905314781651161,0.016414474162659,0.000247604005791269,0.0149282907989516,0.000983276096171659,9.61056862288681,0.00416960194127098,0.000164858629092676,0.000622325340448211,"Limu"
"Acaryochloridaceae",30,0.000139393939393939,0.00180185185185185,0.00016,-0.198904068414078,-3.69224065591908,-3.49333658750501,-0.0141790170592319,0.058599889449203,-0.0133431299500356,0.141124164422013,0.000835887109196342,0.992205035493537,3.19280877969759,0.00424581813280372,0.0457469748882135,0.0906253363291825,"NA"
"Thermosynechococcales_unclassified",20,0.000384848484848485,0.000151851851851852,1.14285714285714e-05,5.07357358435868,1.3416260649591,-3.73194751939958,-0.00224939265723946,0.604295744545357,0.0123214746727581,3.91565653120596e-05,0.0145708673299976,1.46057416405831e-06,15.9887826569334,0.00311929658034218,1.14370679259411e-06,1.04523096604942e-05,"Limu"
"Caenarcaniphilales_fa",12,0.000393939393939394,3.7037037037037e-05,7.80952380952381e-05,2.33466720671804,3.41093310094611,1.07626589422807,0.000853452251618141,0.941990765658614,0.00720588308158968,0.0435914714570204,0.00635243082997154,0.0877542367682091,3.29918650026098,0.000786174872649647,0.0414258471952505,0.0836534849813768,"Limu"
"Vampirivibrionia_unclassified",3,9.09090909090909e-06,0,7.80952380952381e-05,-3.10273810558926,Inf,Inf,0.00209352589204321,0.255591916846002,0.000642845775940145,0.904067149085302,-0.00145068011610306,0.603497330568318,1.30387078408232,8.03239831788766e-05,0.27655704911392,0.378001556212475,"NA"
"Vampirovibrionales_unclassified",2,0,5.74074074074074e-05,0,0,-Inf,-Inf,-0.00176684431526025,0.252211279234644,-0.00176684431526025,0.344784298398182,2.15911118349256e-18,1,1.58541949947466,6.88796568615272e-05,0.210529345796765,0.306096748174912,"NA"
"Dadabacteriales_fa",87,0.00173939393939394,0.0099962962962963,0.0121028571428571,-2.79869104973014,-2.52280895198615,0.275882097743987,0.00484887295056216,0.89126563322374,-0.0543515152757633,6.05487130885818e-05,-0.0592003882263254,1.39997806882786e-05,13.6578480267068,0.0544932241209787,6.60522245451071e-06,4.30715547554553e-05,"CoralCCA"
"Trueperaceae",54,0.000539393939393939,0.000759259259259259,0.000603809523809524,-0.16275420086534,-0.493253285734033,-0.330499084868693,-0.00114466593881015,0.965412108301305,0.00118722453778952,0.971281225340421,0.00233189047659967,0.894872403492253,0.102715160844809,7.47773394212123e-05,0.902489600159467,0.908293391800364,"NA"
"Babeliales_unclassified",4,0,3.51851851851852e-05,0.000137142857142857,-Inf,-Inf,1.96263947249607,0.00207221709502093,0.518982470748505,-0.000988827184042821,0.890609922694163,-0.00306104427906375,0.338733040334546,1.1357556670324,0.000144084306179485,0.325738724676558,0.430195024572838,"NA"
"Vermiphilaceae",1,0,0,0.000158095238095238,-Inf,0,Inf,0.00212729002381461,0.480985450674688,1.32513598859339e-19,1,-0.00212729002381461,0.572018342781447,0.825426944971534,9.8779425550591e-05,0.441336377019749,0.527245366439623,"NA"
"Desulfarculaceae",7,0,0.000153703703703704,0,0,-Inf,-Inf,-0.004795090540539,0.0173904944099584,-0.004795090540539,0.0425100040908968,1.04702952657172e-18,1,4.8482257189083,0.000507327064893715,0.0100075185626218,0.025058826480805,"CCA"
"Desulfatiglandaceae",2,1.81818181818182e-05,0,0,Inf,Inf,0,2.18475342534976e-19,1,0.00128569155188029,0.0524077228041657,0.00128569155188029,0.0540216850317005,3.43548387096775,2.77633367891642e-05,0.0364921287419064,0.0761469086414447,"NA"
"Desulfobacteraceae",3,3.03030303030303e-06,1.66666666666667e-05,0,Inf,-2.4594316186373,-Inf,-0.000920872542749268,0.313769152528999,-0.000549733609392841,0.724821798337397,0.000371138933356428,0.86459059278224,1.0804760738048,1.5203212926237e-05,0.343795384457805,0.44836648056372,"NA"
"Desulfobacterales_unclassified",3,0,4.44444444444444e-05,3.80952380952381e-06,-Inf,-Inf,-3.54432051622381,-0.00116608410809824,0.487667703080306,-0.00149600587950708,0.403765483106838,-0.000329921771408839,0.956760688906591,1.04710705910402,3.83830490198546e-05,0.355187231800071,0.457504541372108,"NA"
"Desulfosarcinaceae",27,0.000118181818181818,0.00103518518518519,0.000382857142857143,-1.69579807400901,-3.13080887117593,-1.43501079716692,-0.00589339212355001,0.479043820834076,-0.011148307602434,0.136800366209285,-0.00525491547888404,0.639331056177812,1.92433193078641,0.00175762178688913,0.151931805935305,0.247680496134116,"NA"
"Desulfobacteria_unclassified",4,0,9.25925925925926e-06,4.19047619047619e-05,-Inf,-Inf,2.17814550824728,0.000776095087573321,0.734322772822379,-0.000680436500395592,0.83277357722016,-0.00145653158796891,0.439714451756131,0.780925859874884,2.96684055553788e-05,0.461059955190411,0.532515741603685,"NA"
"Desulfobulbaceae",7,1.51515151515152e-05,1.11111111111111e-05,3.80952380952381e-05,-1.33014860169233,0.447458976971221,1.77760757866355,0.000976371876289963,0.646028327592539,0.000327741153286143,0.962609845649966,-0.000648630723003821,0.862934836327667,0.40817685521765,1.73138544685249e-05,0.666085811846267,0.704340740229329,"NA"
"Desulfobulbales_unclassified",16,0.000154545454545455,5.55555555555556e-06,1.14285714285714e-05,3.75731423955801,4.79795622405535,1.04064198449735,0.000415298779059747,0.933389986840399,0.00857953650954154,1.99559980762487e-08,0.00816423773048179,9.05183226151962e-08,24.1475238160484,0.00118106865291376,4.02359865505067e-09,6.62834936332031e-08,"Limu"
"Desulfocapsaceae",43,0.000193939393939394,0.00136296296296296,0.000773333333333333,-1.99548451887751,-2.813068573252,-0.817584054374491,-0.00611454316024533,0.527252686789317,-0.0198050895607353,0.00775175534722883,-0.0136905464004899,0.0924887332975656,4.76877146207461,0.00539877060380102,0.0107523081910248,0.0264997831794548,"CCA"
"Desulfomonilaceae",4,0,0,0.000140952380952381,-Inf,0,Inf,0.00382475796917256,0.061173439919985,-1.54799976849319e-18,1,-0.00382475796917256,0.116834472794024,3.24800142769652,0.000319316239260005,0.0434503566676828,0.0871792412627225,"NA"
"Desulfovibrionaceae",62,0.00053030303030303,0.0028,0.00127619047619048,-1.26695477520514,-2.40053792958373,-1.13358315437859,-0.0100529932118112,0.344009235835364,-0.0279360830380064,0.00270347910995039,-0.0178830898261952,0.0807645242679088,5.84610010912556,0.010663280991673,0.00410174777558693,0.0112618162610413,"CCA"
"Bradymonadales_unclassified",26,0.000375757575757576,2.77777777777778e-05,5.71428571428571e-06,6.03908520797339,3.75779909758337,-2.28128611039002,-0.00181346993155302,0.469257805723068,0.0133912102483069,5.05305575160264e-10,0.01520468017986,4.3604009292153e-10,41.4488056731583,0.00348579690510985,1.73943507769895e-13,6.04936865910856e-12,"Limu"
"Geopsychrobacteraceae",10,1.51515151515152e-05,0.000281481481481481,6.47619047619048e-05,-2.09568334805531,-4.21550603575121,-2.1198226876959,-0.00444720949564688,0.211614618954965,-0.00582949731923882,0.130205611155255,-0.00138228782359194,0.889875660168993,2.35380446273581,0.000573179441857304,0.100830907913768,0.178305503824913,"NA"
"Desulfuromonadia_unclassified",11,0,0.000177777777777778,3.42857142857143e-05,-Inf,-Inf,-2.3743955147815,-0.00467309165012516,0.051992622428636,-0.00603600279049783,0.0234641626309758,-0.00136291114037267,0.819239951224291,4.49199293335299,0.000621517231707091,0.0138194487276383,0.0322797571026178,"CCA"
"PB19_fa",8,0.00016969696969697,2.40740740740741e-05,1.9047619047619e-06,6.47720632036527,2.81740858672153,-3.65979773364375,-0.000584586472581953,0.922074544235739,0.00570924076504923,0.00407312951057415,0.00629382723763118,0.00146965694821066,7.41174935817726,0.000610189418729936,0.00104778848927017,0.00318150670946237,"Limu"
"uncultured_fa",7,0.000333939393939394,0.000670740740740741,0.000841142857142857,-1.33276454989934,-1.006168939574,0.326595610325347,0.00106300539137211,0.71654776873629,-0.00145128467452301,0.620631371684846,-0.00251429006589512,0.247301217439617,1.29659207067098,8.55868959363887e-05,0.278520435510239,0.379029983976978,"NA"
"Entotheonellaceae",49,0,0.00287407407407407,0.00443619047619048,-Inf,-Inf,0.626224066521084,0.00738289533256141,0.691071399533471,-0.0390957442460188,0.000727618708449063,-0.0464786395785803,5.77473221332614e-05,11.0225577558914,0.0316412493454026,5.22674285674639e-05,0.000240583899141415,"CoralCCA"
"Bacillaceae",4,3.03030303030303e-06,0,0.025472380952381,-13.037184126525,Inf,Inf,0.0361171852417792,0.46392677662711,0.000371138933356396,0.999936877685462,-0.0357460463084228,0.56308079611299,0.85993114214613,0.0282538484711199,0.42663864953602,0.527245366439623,"NA"
"Bacilli_unclassified",2,0.000224242424242424,3.7037037037037e-05,0,Inf,2.5980186535466,-Inf,-0.00101452656799397,0.860387572258106,0.0021807266711686,0.587688497237,0.00319525323916257,0.326563051725159,1.03993583622286,0.000138975361838952,0.35768537515778,0.458834108296661,"NA"
"Spiroplasmataceae",2,5.75757575757576e-05,0,0,Inf,Inf,0,1.2147366721411e-18,1,0.00217994122354417,0.0697435886827812,0.00217994122354416,0.0716879047749888,3.08969704599393,7.98155754722956e-05,0.0503757203214517,0.0973308670408294,"NA"
"Erysipelatoclostridiaceae",2,6.06060606060606e-06,0,9.52380952380952e-06,-0.652076696579693,Inf,Inf,0.000521669515334666,0.590358362637167,0.000524875545423154,0.662831289259454,3.2060300884883e-06,0.999984727677878,0.601824526592969,6.03327607800632e-06,0.550000722348698,0.606162767940642,"NA"
"Erysipelotrichaceae",6,2.12121212121212e-05,1.48148148148148e-05,5.14285714285714e-05,-1.2776811817982,0.517848304862619,1.79552948666081,0.000401525778301725,0.948034844816424,-0.000113137132715279,0.996742865581069,-0.000514662911017004,0.935453079814844,0.07594762965928,4.48639267292638e-06,0.926924082827185,0.926924082827185,"NA"
"Lactobacillaceae",2,3.03030303030303e-06,0,0.000123809523809524,-5.35251641472079,Inf,Inf,0.00188216269414507,0.48619310339956,0.000371138933356426,0.978433131597511,-0.00151102376078865,0.700658301364656,0.715840540221163,6.80725555580152e-05,0.491542649342641,0.555425448535186,"NA"
"Streptococcaceae",1,0,0,6.0952380952381e-05,-Inf,0,Inf,0.00132012742081106,0.480985450674686,3.70435742265881e-19,1,-0.00132012742081106,0.572018342781446,0.825426944971538,3.80403753394608e-05,0.441336377019747,0.527245366439623,"NA"
"Mycoplasmataceae",4,0.0111575757575758,7.59259259259259e-05,0,Inf,7.19921528953684,-Inf,-0.00145292046795056,0.991697369894337,0.0374347768507532,0.0180296763125569,0.0388876973187037,0.0139619142820947,4.94217038870649,0.0244835888000493,0.00919453095746165,0.0235116121792888,"Limu"
"Staphylococcaceae",1,0,0,7.42857142857143e-05,-Inf,0,Inf,0.00145749476512178,0.480985450674687,-4.45727559799596e-19,1,-0.00145749476512178,0.572018342781446,0.825426944971537,4.63689323701668e-05,0.441336377019748,0.527245366439623,"NA"
"Hungateiclostridiaceae",7,0,0.000140740740740741,0,0,-Inf,-Inf,-0.00412187716751789,0.0407279325852508,-0.0041218771675179,0.0830350928382684,-5.34047012961431e-18,1,3.78343500936965,0.000374873291184776,0.0264427211319231,0.0578781238761674,"CCA"
"Clostridiaceae",58,0.000439393939393939,0.000938888888888889,0.000213333333333333,1.042405566265,-1.09543946418339,-2.13784503044839,-0.0130260777790393,0.00330189054497676,-0.00269257440474295,0.815912085734382,0.0103335033742964,0.0577936560094701,6.0657523440059,0.0032447174797782,0.00337850883548429,0.00944172558488021,"CCA"
"Lachnospiraceae",52,0.000103030303030303,0.00157962962962963,0.000213333333333333,-1.0500406824996,-3.93844570726294,-2.88840502476334,-0.0191764789577751,0.000221912811280478,-0.0214533001478455,0.000293628146433966,-0.00227682119007041,0.903336838136474,11.7940228969703,0.00894466652050464,2.82452010832056e-05,0.000144930294082678,"CCA"
"Lachnospirales_unclassified",9,0.000342424242424242,0.000625925925925926,3.04761904761905e-05,3.49003036072286,-0.870207091061981,-4.36023745178484,-0.00767333481397268,0.164593426427576,-0.0049260765349597,0.558438274165273,0.00274725827901298,0.834980898786201,1.71609307157852,0.00106687374637596,0.185596569555656,0.296386358525103,"NA"
"Ruminococcaceae",1,0,5.55555555555556e-05,0,0,-Inf,-Inf,-0.00124267444728465,0.500738768768641,-0.00124267444728465,0.586566606019268,1.76570068090496e-19,1,0.788018433179723,3.40729035755805e-05,0.457857060383823,0.532515741603685,"NA"
"Caminicellaceae",59,3.03030303030303e-05,0.00248333333333333,0.000565714285714286,-4.22253962760573,-6.3566720442121,-2.13413241660636,-0.0274991446683486,3.72786634894595e-09,-0.0435696443723539,4.35408153975914e-10,-0.0160704997040053,0.00230067591311434,49.2270618692139,0.0285499062742609,3.60295548035893e-15,1.87954177558724e-13,"CoralCCA"
"Fusibacteraceae",16,0.00259393939393939,0.00142777777777778,4e-05,6.01900096193006,0.861373319291128,-5.15762764263893,-0.016232617343299,0.100913296996514,-0.00633742153714605,0.757956176048001,0.00989519580615292,0.514517827934303,2.17328082166669,0.00472269688231931,0.119740051765174,0.202587222716214,"NA"
"Peptostreptococcaceae",45,0.000248484848484849,0.000337037037037037,0.000460952380952381,-0.891459834348841,-0.439749252775597,0.451710581573244,0.00159968681352628,0.903180895796063,0.0011049167376109,0.96327342436301,-0.000494770075915387,0.992601716664527,0.0959163349902573,4.70939510211635e-05,0.90863277128133,0.911545055804667,"NA"
"Peptostreptococcales-Tissierellales_fa",34,6.06060606060606e-06,0.000831481481481481,0.000177142857142857,-4.86930741280036,-7.10007825193613,-2.23077083913577,-0.0106159046220251,0.0163630881518615,-0.0174978790476648,0.000295038477267973,-0.00688197442563972,0.254322170676878,8.96575759709192,0.00452643423859852,0.000281345904511692,0.000989452450698422,"CCA"
"Firmicutes_unclassified",2,0,0.000112962962962963,0,0,-Inf,-Inf,-0.00250388232408315,0.245000847396894,-0.00250388232408315,0.337104955507279,-5.30329748370052e-18,1,1.61949705447489,0.000138331866384308,0.203714453912556,0.30076709469165,"NA"
"Fusobacteriaceae",13,0.000151515151515152,0.000237037037037037,4.19047619047619e-05,1.8542759694451,-0.64565042742026,-2.49992639686536,-0.000681012400214889,0.966075065846443,0.00472134708519233,0.285519150688394,0.00540235948540722,0.198913199262255,1.66567821449835,0.000437760769897971,0.194837222138017,0.297433555494631,"NA"
"AKAU4049_fa",1,0,1.85185185185185e-06,0,0,-Inf,-Inf,-0.000226807125940037,0.500738768768641,-0.000226807125940038,0.586566606019267,-1.05709711817337e-19,1,0.788018433179724,1.13503119696746e-06,0.457857060383823,0.532515741603685,"NA"
"BD2-11_terrestrial_group_fa",79,0.000851515151515152,0.0163962962962963,0.0175352380952381,-4.36408100869529,-4.26719395507192,0.0968870536233665,0.0007972731198327,0.998604234436492,-0.0842968431685607,3.12299831148888e-05,-0.0850941162883934,2.90170508339127e-05,13.52880065325,0.120476302226841,7.29339949219098e-06,4.65884498174648e-05,"CoralCCA"
"PAUC43f_marine_benthic_group_fa",59,6.06060606060606e-05,0.00344814814814815,0.00297904761904762,-5.61924530411232,-5.83021587986642,-0.210970575754096,-0.00381588571917311,0.864942730486184,-0.0433737945256826,5.11519034684937e-06,-0.0395579088065095,3.419873939281e-05,14.8885260836965,0.0291746566375149,2.59477678714735e-06,1.93372651042171e-05,"CoralCCA"
"Halobacteroidaceae",3,0,7.96296296296296e-05,0,0,-Inf,-Inf,-0.00207914497865849,0.252957495673866,-0.00207914497865849,0.345576141644676,9.81977396222585e-19,1,1.58195016788721,9.53814576812931e-05,0.21123609458716,0.306096748174912,"NA"
"Hydrogenedensaceae",11,9.09090909090909e-06,6.11111111111111e-05,5.9047619047619e-05,-2.69938241135805,-2.74893823583228,-0.0495558244742323,0.000567128222098302,0.932696983403484,-0.00115096082587228,0.802268326056355,-0.00171808904797058,0.616471166953594,0.444151893818238,4.00789185296075e-05,0.642766146810506,0.684305455617988,"NA"
"Latescibacteraceae",1,6.06060606060606e-06,0,0,Inf,Inf,0,6.12617251350044e-19,1,0.000524875545423152,0.237982212795771,0.000524875545423152,0.24159693963228,1.63594470046082,4.62711995959396e-06,0.200506326547499,0.297433555494631,"NA"
"Latescibacterota_fa",1,6.06060606060606e-06,0,0,Inf,Inf,0,3.80460309971798e-19,1,0.000524875545423154,0.237982212795769,0.000524875545423153,0.241596939632278,1.63594470046083,4.62711995959399e-06,0.200506326547497,0.297433555494631,"NA"
"bacteriap25_fa",51,0,0.00211481481481481,0.00248571428571429,-Inf,-Inf,0.23312914059175,0.00193189368907321,0.956594793319529,-0.034530235828536,7.2447301357137e-05,-0.0364621295176092,3.06234637684755e-05,12.8973042699515,0.021212242416897,1.18833168052778e-05,6.88792251861473e-05,"CoralCCA"
"Myxococcaceae",72,0.00199393939393939,0.00119814814814815,0.00243809523809524,-0.290132922844452,0.734815254547749,1.0249481773922,0.00458160208603485,0.794167205432861,0.0100544243766988,0.429044579466647,0.00547282229066393,0.778612061373019,0.784430021547452,0.00139329096189914,0.459474678168359,0.532515741603685,"NA"
"Haliangiaceae",63,0.00272727272727273,0.00111111111111111,0.00137714285714286,0.985780752573588,1.29545588352617,0.309675130952583,-0.000508269387189966,0.997205146959531,0.00496620646150241,0.814669852243848,0.00547447584869238,0.781724755695344,0.255610301344363,0.00046167287431835,0.775004009369815,0.792732859257359,"NA"
"Nannocystaceae",28,0.00228787878787879,0.000359259259259259,0.000131428571428571,4.12165977574194,2.67091337483033,-1.45074640091161,-0.00437095100571665,0.689685723023643,0.0212332891387178,0.00202634416610248,0.0256042401444345,0.000179126127303308,9.51959355762781,0.0095262599878529,0.000177703381299597,0.000662156646985405,"Limu"
"Polyangia_unclassified",41,0.00182121212121212,0.000966666666666667,0.000371428571428571,2.29374226526924,0.913808566946316,-1.37993369832293,-0.000671863087201128,0.992028768443239,0.0257426990453781,0.000317071078949294,0.0264145621325792,0.000234745111603152,10.3541506530047,0.0114265367337058,8.97024917648626e-05,0.000384614793457561,"Limu"
"BIrii41",10,0.000415151515151515,5.55555555555556e-06,1.9047619047619e-06,7.7678834812682,6.22356296504439,-1.54432051622381,-0.000159562866869539,0.996761049994271,0.0102471776705808,0.000117352395848092,0.0104067405374503,9.96522629043151e-05,11.664634405142,0.00179125757408155,3.12981754686895e-05,0.000154225297324076,"Limu"
"Eel-36e1D6",10,7.87878787878788e-05,4.44444444444444e-05,2.28571428571429e-05,1.78532861572761,0.825970600224951,-0.959358015502654,-0.000624321116191803,0.909864027989514,0.00221662237854312,0.404463549371327,0.00284094349473493,0.232480411610569,1.41319835657741,0.000113948198815291,0.248711438528833,0.344454337431526,"NA"
"Polyangiales_unclassified",22,0.00046969696969697,8.33333333333333e-05,2.28571428571429e-05,4.36101330286075,2.49476469174958,-1.86624861111117,-0.0014165772380514,0.782310149169585,0.0145484638091387,1.10347995962989e-07,0.0159650410471901,9.7980923374763e-09,24.7242160217707,0.00394001032432848,2.76884937303143e-09,4.81472140977132e-08,"Limu"
"Sandaracinaceae",85,0.00372121212121212,0.00418148148148148,0.00501142857142857,-0.429449289488041,-0.168241542597806,0.261207746890234,-0.00712208487886714,0.667757607272694,-0.00288553311887461,0.950016196065189,0.00423655175999253,0.89650438740976,0.371145857554607,0.000906742294926165,0.690994320641204,0.724652702633781,"NA"
"NB1-j_fa",84,0.00341818181818182,0.00457962962962963,0.00437714285714286,-0.356760331939651,-0.422001789186129,-0.0652414572464787,-0.00762590548905492,0.604467769182082,-0.0139120976276494,0.279579744684168,-0.00628619213859452,0.770027353092399,1.23166854578547,0.0027633426567487,0.296676104258655,0.400256985486892,"NA"
"Nitrospinaceae",1,0,0,0.000224761904761905,-Inf,0,Inf,0.00253745522554208,0.480985450674685,3.34295669849697e-19,1,-0.00253745522554208,0.572018342781445,0.825426944971541,0.000140543208751726,0.441336377019746,0.527245366439623,"NA"
"P9X2b3D02_fa",46,3.03030303030303e-06,0.00103518518518519,0.00124571428571429,-8.68329542719041,-8.41621109003817,0.267084337152238,0.000149585481084971,0.999484125280719,-0.0241148220403203,0.000115247762909831,-0.0242644075214052,0.000113778056087588,11.5814659518609,0.00982733380367774,3.34367711492202e-05,0.000161010913380091,"CoralCCA"
"BMS9AB35_fa",3,0,9.25925925925926e-05,0,0,-Inf,-Inf,-0.00220264980361281,0.265849577912218,-0.0022026498036128,0.359173365367894,5.63785129692462e-18,1,1.52362016469766,0.000107049666181651,0.223488695111805,0.318118188825371,"NA"
"Nitrospiraceae",64,0.000115151515151515,0.00542037037037037,0.0066247619047619,-5.84626330555533,-5.55678613416015,0.289477171395183,0.00101969719287644,0.99450610331749,-0.054498118117068,2.90756360888933e-05,-0.0555178153099444,2.27956809977226e-05,13.7629122777974,0.0508268934228259,6.09416370127985e-06,4.05845369893743e-05,"CoralCCA"
"Gracilibacteria_fa",2,0.000218181818181818,0,6.85714285714286e-05,1.66985139830767,Inf,Inf,0.00140026891335658,0.779977993755467,0.00315170809050572,0.383492577502905,0.00175143917714914,0.744000198964553,0.887691958105842,0.000136555903159228,0.415177183173606,0.526115215924448,"NA"
"PAUC34f_fa",56,0,0.00377222222222222,0.00744190476190476,-Inf,-Inf,0.980257259715131,0.0148990855813636,0.337477338527482,-0.0480729192903795,0.000371714623512487,-0.0629720048717431,3.4221835351067e-06,14.1110231375971,0.0555207440141479,4.67177240544981e-06,3.24947725090176e-05,"CoralCCA"
"BD7-11_fa",11,2.12121212121212e-05,2.03703703703704e-05,5.14285714285714e-05,-1.2776811817982,0.0584166862253221,1.33609786802352,0.00129559831999822,0.57951497217345,0.000522734356157388,0.933489185579531,-0.000772863963840831,0.861862073664433,0.502612208339671,3.0014568480209e-05,0.606636170656376,0.6570142609531,"NA"
"OM190_fa",74,0.0036,0.000646296296296296,0.000577142857142857,2.64099653563548,2.47772927739613,-0.163267258239355,-0.00304482136872431,0.74895376510644,0.0366765930653965,4.94248086901905e-10,0.0397214144341208,4.38953984271961e-10,39.4407826891829,0.0246446975579137,5.00854825435321e-13,1.42515963964778e-11,"Limu"
"C86_fa",2,0,9.25925925925926e-06,0,0,-Inf,-Inf,-0.00071360747416646,0.248032319878309,-0.000713607474166461,0.340339811481129,-1.02689434336841e-18,1,1.60504576659263,1.12360377095285e-05,0.206576480636689,0.303560743846403,"NA"
"CCM11a_fa",3,0,3.7037037037037e-06,3.61904761904762e-05,-Inf,-Inf,3.28856949794093,0.000971203883764915,0.54067616089725,-0.000320757277758594,0.949283156591243,-0.00129196116152351,0.437907754052395,0.92384529753778,2.74754807290135e-05,0.400720981464663,0.511941498769141,"NA"
"mle1-8_fa",7,0,2.22222222222222e-05,7.80952380952381e-05,-Inf,-Inf,1.81323148839427,0.00175901067210097,0.431577908735699,-0.00111118519852169,0.770845572908174,-0.00287019587062267,0.186006146410643,1.69553204546938,0.000120642755705796,0.189309913054956,0.297433555494631,"NA"
"Phycisphaeraceae",84,0.00626666666666667,0.00453703703703704,0.00326095238095238,0.942404882221457,0.465947819230017,-0.47645706299144,-0.0170349260571482,0.152843182079224,0.00730573008939517,0.761671934753975,0.0243406561465433,0.0563050983219346,3.16042629955728,0.00929150258616774,0.0471518359732817,0.092474195474688,"NA"
"Pla3_lineage_fa",24,0.000236363636363636,3.88888888888889e-05,7.61904761904762e-05,1.63332552228256,2.6035781788885,0.970252656605948,-0.000196564311650936,0.994276079824115,0.00881494351033795,0.000359992428512923,0.00901150782198888,0.000282718337757948,10.1337648053176,0.00133461549580141,0.000107341807298932,0.000447973142460877,"Limu"
"Pla4_lineage_fa",1,0,0,6.85714285714286e-05,-Inf,0,Inf,0.00140026891335658,0.480985450674686,-8.07128283961431e-19,1,-0.00140026891335658,0.572018342781446,0.825426944971538,4.27992327991079e-05,0.441336377019747,0.527245366439623,"NA"
"Gemmataceae",2,0,7.40740740740741e-06,4.19047619047619e-05,-Inf,-Inf,2.50007360313464,0.000640840682794366,0.807378672935584,-0.000453629374455554,0.920666762759773,-0.00109447005724992,0.622992500763569,0.460332763193294,1.72342582593516e-05,0.632551154948613,0.678042847599027,"NA"
"Isosphaeraceae",2,0,0,5.52380952380952e-05,-Inf,0,Inf,0.00159394182441782,0.303929478220248,-4.33680868994202e-19,1,-0.00159394182441782,0.402383230832407,1.3523024308713,5.5457210703717e-05,0.26384818049721,0.363808284121703,"NA"
"Pirellulaceae",90,0.0309848484848485,0.0331462962962963,0.0244628571428571,0.340970000106067,-0.0972847617777646,-0.438254761883832,-0.0348730519555433,0.064569438579941,-0.00529678255920349,0.950649568115151,0.0295762693963398,0.217161228142298,2.87246817894777,0.0239581254119996,0.0617591426475175,0.115063164575434,"NA"
"Gimesiaceae",7,1.51515151515152e-05,3.51851851851852e-05,0.00012,-2.98550043030488,-1.21550603575121,1.76999439455368,0.00158165661337924,0.667748603688292,-0.000132508659038002,0.997808199736999,-0.00171416527241724,0.696766363160942,0.48446547317929,5.83710643510406e-05,0.617623526654275,0.666607461526856,"NA"
"Planctomycetales_unclassified",68,0.00166363636363636,0.000712962962962963,0.000352380952380952,2.23913227679656,1.22244108622795,-1.01669119056861,-0.00922733484339394,0.0429501175375955,0.0150205989042989,0.0021330128359317,0.0242479337476928,6.68186271868265e-07,15.7189544015386,0.00794303013539565,1.39627296014198e-06,1.18117145006605e-05,"CCALimu"
"Rubinisphaeraceae",82,0.00300909090909091,0.00114074074074074,0.00108952380952381,1.46562996905765,1.39935674963849,-0.066273219419166,-0.00443557763702435,0.728616396101155,0.0136427108294586,0.1064567231478,0.0180782884664829,0.022279190534102,3.76586495029624,0.00455757434348038,0.0268748591788875,0.0584154925207764,"Limu"
"Planctomycetes_unclassified",3,0,4.62962962962963e-05,4.19047619047619e-05,-Inf,-Inf,-0.143782586640081,-0.000398751259051914,0.954617506584936,-0.00149322131630184,0.607885387417289,-0.00109447005724992,0.766845642497827,0.463969542329618,3.10605300867529e-05,0.630278185186357,0.677928082348212,"NA"
"Planctomycetota_unclassified",17,3.03030303030303e-05,0.000133333333333333,2.28571428571429e-05,0.406816992473876,-2.13750352374993,-2.54432051622381,-0.00353298823449479,0.126587875503358,-0.00218102498407762,0.538385956791372,0.00135196325041717,0.789215609823205,1.9610658032284,0.00022475460194145,0.146674832486131,0.240362421822821,"NA"
"Poribacteria_fa",41,0,0.00138888888888889,0.00240761904761905,-Inf,-Inf,0.793675947291206,0.00927488744711755,0.359552122467285,-0.0245209247207395,0.00562605646865932,-0.0337958121678571,0.000100256810015908,9.71341932356054,0.0157425900926646,0.000151474510673496,0.000585327430133385,"CoralCCA"
"Alphaproteobacteria_unclassified",91,0.0608484848484849,0.0643777777777778,0.047047619047619,0.371099625786401,-0.0813414383484101,-0.452441064134811,-0.0419914705558834,0.106149907360259,-0.010828584884273,0.888309194673173,0.0311628856716104,0.38355689102762,2.21282848742616,0.0329287361416932,0.115308744345742,0.198185484944911,"NA"
"AT-s3-44_fa",61,0.000266666666666667,0.00132407407407407,0.00231238095238095,-3.11626968931072,-2.31187443022344,0.804395259087276,0.0116388950725864,0.132990309620292,-0.0155982738555484,0.063403738420431,-0.0272371689281348,0.000429105356197446,7.88112607753843,0.0100496532408885,0.000701506759398371,0.00226362490403804,"Coral"
"Azospirillaceae",1,0,0,8.38095238095238e-05,-Inf,0,Inf,0.00154819341116761,0.480985450674687,-1.06613213627741e-18,1,-0.00154819341116761,0.572018342781446,0.825426944971537,5.23194920636243e-05,0.441336377019748,0.527245366439623,"NA"
"Caulobacteraceae",2,3.93939393939394e-05,0,0.000102857142857143,-1.38459638571471,Inf,Inf,0.00171531595557938,0.552540378852952,0.00133833894892409,0.756400951116403,-0.000376977006655294,0.978242259921917,0.585194032562276,5.6293836646939e-05,0.559102936318696,0.614032347606147,"NA"
"Hyphomonadaceae",87,0.0498484848484849,0.00629444444444444,0.00385714285714286,3.69194516915829,2.98539869977331,-0.706546469384976,-0.0205358606790828,0.217601924726621,0.141281494037079,4.35394165165803e-10,0.161817354716161,4.35376845686619e-10,74.2019841928256,0.392498852534364,9.15811966887197e-20,9.55497152118975e-18,"Limu"
"Parvularculaceae",87,0.0153787878787879,0.00615,0.00339619047619048,2.17895251764258,1.32228348226221,-0.856669035380368,-0.022275035615712,0.142514159290635,0.0334590725903611,0.0363024344460963,0.055734108206073,0.00021008286679236,8.67010831488212,0.0419750405461329,0.000360248258898131,0.00125286338927906,"Limu"
"Defluviicoccaceae",55,3.03030303030303e-06,0.00353888888888889,0.00396571428571429,-10.3539029549917,-10.1896186801724,0.164284274819307,0.000260055840089854,0.99957076642476,-0.0421016992326001,0.000431722666481726,-0.04236175507269,0.000427099565977862,9.71760057096352,0.0299540466243842,0.000150954513512316,0.000585327430133385,"CoralCCA"
"Dstr-E11_fa",17,0,0.00022962962962963,0.000236190476190476,-Inf,-Inf,0.0406419844973461,0.00297472652197358,0.558912829566829,-0.00515211620345403,0.265010096268936,-0.00812684272542761,0.0415259765257197,3.02568037899769,0.000892773279399449,0.0534877636242031,0.102083353746192,"Coral"
"Fodinicurvataceae",32,6.06060606060606e-06,0.000638888888888889,0.0016647619047619,-8.10163807119293,-6.71995916886052,1.38167890233241,0.00500735643572395,0.695491029468736,-0.0141693134897774,0.113257831816422,-0.0191766699255014,0.0212310932575192,3.79093446110355,0.00509425327956107,0.0262604402125139,0.0578781238761674,"Coral"
"Kiloniellaceae",87,0.00301515151515151,0.0327444444444444,0.0283771428571429,-3.23442693315932,-3.44094774760913,-0.206520814449813,-0.0166925409894703,0.708832798796518,-0.10936628998753,4.89268492076533e-05,-0.0926737489980602,0.000671099835276134,11.2129562670313,0.176744884737755,4.48666832261278e-05,0.000211418067430905,"CoralCCA"
"Kiloniellales_unclassified",62,0.000390909090909091,0.00172037037037037,0.00144761904761905,-1.88877695460002,-2.13781414815438,-0.249037193554359,0.00245050357774253,0.915355256652424,-0.0154157605223298,0.0746284931999771,-0.0178662641000723,0.0331015838282288,3.57842439255168,0.00474804564023797,0.0319601648177349,0.0680512352921839,"Coral"
"Iodidimonadaceae",1,0,0.000251851851851852,0,0,-Inf,-Inf,-0.00264898673658207,0.500738768768641,-0.00264898673658207,0.586566606019267,-8.79752619959666e-19,1,0.788018433179724,0.000154829594184581,0.457857060383823,0.532515741603685,"NA"
"Kordiimonadaceae",31,0.00508181818181818,0.000242592592592593,0.000443809523809524,3.51733222721773,4.38873735483191,0.871405127614176,0.00157575068436312,0.980418151242923,0.0242447321716565,0.0325077972417696,0.0226689814872934,0.0506751261132604,3.78402929190976,0.00929420900557876,0.0264282294906545,0.0578781238761674,"Limu"
"Kordiimonadales_Incertae_Sedis",2,0.000839393939393939,0,5.71428571428571e-06,7.1986310636357,Inf,Inf,0.000404074487733801,0.992014761832158,0.00619608518694621,0.241635869343908,0.00579201069921241,0.291929443830885,1.5231171944627,0.000606916798463079,0.223597449014638,0.318118188825371,"NA"
"Micavibrionaceae",67,0.00512727272727273,0.000712962962962963,0.000862857142857143,2.57099801138138,2.8462926003427,0.275294588961317,-0.000518891506672017,0.996515023558684,0.0373695448078007,7.48542951267694e-06,0.0378884363144727,6.29990603395747e-06,15.7587057618508,0.0237818770984217,1.35575113950737e-06,1.1787502962939e-05,"Limu"
"Micavibrionales_unclassified",6,0.000190909090909091,3.33333333333333e-05,4.38095238095238e-05,2.12356936575057,2.51784830486262,0.394278939112047,0.00015663740639144,0.99654412437057,0.00434369231761726,0.136840572448681,0.00418705491122582,0.160018086794833,2.20771605265126,0.000306164555961617,0.115872024744149,0.198185484944911,"NA"
"Parvibaculaceae",30,3.63636363636364e-05,0.000757407407407407,0.000203809523809524,-2.48665308737232,-4.38050114941558,-1.89384806204326,-0.0072479444769832,0.17505592342102,-0.0126646745226248,0.0189824714404112,-0.00541673004564158,0.471497643031619,4.03719860970453,0.00232059974474809,0.0209367267117379,0.0474869236287968,"CCA"
"Parvibaculales_unclassified",36,0.00106363636363636,0.000216666666666667,0.00020952380952381,2.34381890508757,2.29545588352617,-0.0483630215613988,-0.000587730261040201,0.982595199639524,0.0212187508292571,5.50092034368177e-07,0.0218064810902973,3.20772250983481e-07,20.2041969385547,0.00777606537268247,5.65149501640036e-08,7.07567176053325e-07,"Limu"
"PS1_clade",84,0.00110606060606061,0.00515555555555556,0.00534095238095238,-2.27166658193557,-2.22069745927633,0.0509691226592409,-0.00402616673290278,0.857401551138885,-0.0379065222600204,9.86646613334585e-05,-0.0338803555271176,0.000571830733433476,10.675837350596,0.0219604233292856,6.91128870818451e-05,0.000304680755727007,"CoralCCA"
"EF100-94H03",45,0,0.000581481481481482,0.000438095238095238,-Inf,-Inf,-0.408488713449906,-0.00309348201175747,0.586668001979781,-0.0184905899263112,4.05021708660414e-06,-0.0153971079145537,0.000132872056796018,14.3655669047313,0.00500417924816858,3.85039466291639e-06,2.80272913835542e-05,"CoralCCA"
"Puniceispirillales_Incertae_Sedis",51,1.51515151515152e-05,0.00214814814814815,0.00157904761904762,-6.70344879830072,-7.14748761232256,-0.444038814021838,-0.00259919312236302,0.908170144515129,-0.0321575033155262,5.13924802580945e-05,-0.0295583101931632,0.000220536076899425,11.7710854008411,0.016131910104608,2.87633344184372e-05,0.000145208446338239,"CoralCCA"
"SAR116_clade",31,0.00344848484848485,0.00223888888888889,0.00108571428571429,1.66731813156215,0.623179695862473,-1.04413843569967,-0.00540367000992397,0.854168462556661,0.00970494651110343,0.677149016696707,0.0151086165210274,0.395624584329574,0.853809283321892,0.00308768801878035,0.429209381326899,0.527245366439623,"NA"
"Beijerinckiaceae",2,0,3.7037037037037e-05,2.28571428571429e-05,-Inf,-Inf,-0.69632360966886,-0.000206296743939101,0.982099689547103,-0.00101452656799395,0.715670148364911,-0.000808229824054847,0.810234196884122,0.320009144373767,1.47504518761206e-05,0.726965202335452,0.755853577342052,"NA"
"Devosiaceae",13,0.0017030303030303,9.44444444444444e-05,6.0952380952381e-05,4.8042777185286,4.17249436105445,-0.63178335747415,-0.000420977922478131,0.995753282418099,0.0146233067721858,0.0237463268041224,0.0150442846946639,0.0201008113101483,4.53766052281493,0.00369741869584216,0.0132576317304383,0.031200291215242,"Limu"
"Hyphomicrobiaceae",89,0.00976969696969697,0.00967222222222222,0.00751238095238095,0.379043590457725,0.0144664229607252,-0.364577167497,-0.0166431005582201,0.135697406787253,-0.00017449896307753,0.99982598407311,0.0164686015951425,0.2232185514835,2.27695635661883,0.00599860715222278,0.108476384096276,0.189302680900999,"NA"
"Methyloligellaceae",87,0.00411212121212121,0.0141796296296296,0.0112038095238095,-1.44603466516054,-1.78586515374768,-0.339830488587143,-0.0225659127972502,0.102302622141523,-0.055065101644132,7.89591554477553e-05,-0.0324991888468818,0.0291692455651918,9.81315150511715,0.0414662864932625,0.000139555946602657,0.000552924193501664,"CoralCCA"
"Rhizobiaceae",91,0.0247636363636364,0.0318462962962963,0.0285809523809524,-0.206830811444754,-0.362902418135333,-0.156071606690579,-0.0148050690151464,0.676189365235503,-0.0135005603047569,0.778113728976951,0.00130450871038948,0.997676757892527,0.416229419174388,0.00453595494904493,0.660791948324412,0.701111457035733,"NA"
"Rhizobiales_Incertae_Sedis",85,0.0013030303030303,0.00480185185185185,0.00306666666666667,-1.23480072510485,-1.88172025845882,-0.646919533353969,-0.0172653629844362,0.0122010123351629,-0.0324820918989016,1.73138937202832e-05,-0.0152167289144654,0.0691719664210344,12.0373193041445,0.0149410519052641,2.33025448882465e-05,0.000125753388793468,"CCA"
"Rhizobiales_unclassified",88,0.00295757575757576,0.02705,0.018032380952381,-2.60810287091452,-3.19314156562238,-0.585038694707859,-0.0249974379186145,0.426981370644764,-0.0845739994869739,0.00103298206469693,-0.0595765615683594,0.0290764117811482,6.96195354322576,0.0987670749183395,0.00154424767754054,0.00451728526233822,"CoralCCA"
"Rhodobiaceae",9,0.000127272727272727,4.44444444444444e-05,3.23809523809524e-05,1.97470597983609,1.51784830486262,-0.456857674973471,-0.000591812445523126,0.93920545137033,0.00269333079629959,0.373112005463216,0.00328514324182272,0.236629197076812,1.42784288381826,0.000155875969584065,0.245205578551566,0.341108204829511,"NA"
"Rhodomicrobiaceae",24,3.33333333333333e-05,3e-04,0.000321904761904762,-3.27159641933722,-3.16992500144231,0.101671417894905,-0.00194454341203618,0.822257641543098,-0.00872567834331359,0.054310699875502,-0.0067811349312774,0.170371665456079,2.86580856743377,0.00108035229267813,0.0621469956943196,0.115100648830308,"NA"
"Stappiaceae",87,0.0130909090909091,0.00665555555555556,0.00431047619047619,1.60264612609161,0.975934286345904,-0.626711839745704,-0.0138430222219789,0.313759644473252,0.0402335673876367,0.000971715046274135,0.0540765896096156,8.88459172576628e-06,12.7668644521767,0.0405934259989449,1.31527736636384e-05,7.48512392130695e-05,"Limu"
"Xanthobacteraceae",36,3.03030303030303e-05,0.000203703703703704,0.00183047619047619,-5.91661312757872,-2.74893823583228,3.16767489174644,0.0168833856109985,0.0072692032338133,-0.00677450724739088,0.522520432188242,-0.0236578928583893,0.000796158392286084,8.42905958140183,0.00888683032410364,0.00044113779130314,0.00151732009536135,"Coral"
"Rhodobacteraceae",89,0.128469696969697,0.0633259259259259,0.0422647619047619,1.60390087341146,1.02055992944863,-0.583340943962828,-0.0527793115763373,0.063910960076502,0.129429229026694,1.23430419417536e-05,0.182208540603031,2.90686208437307e-09,23.9234373261834,0.455284025008894,4.65641142635192e-09,7.28728388224075e-08,"Limu"
"AEGEAN-169_marine_group",6,1.21212121212121e-05,3.7037037037037e-06,3.80952380952381e-06,1.66985139830767,1.71049338280502,0.0406419844973461,-0.000123692480471235,0.972715267928817,0.000813539160255929,0.403022753386541,0.000937231640727163,0.304756234273217,1.21246834741681,1.31164539161305e-05,0.302273896659532,0.404323631001852,"NA"
"Magnetospiraceae",44,0.00145757575757576,0.000416666666666667,0.00300571428571429,-1.04413700793575,1.80660527535802,2.85074228329377,0.0072589431674644,0.695472698758629,0.00798081265008357,0.713260730062754,0.000721869482619177,0.997255097217657,0.446432148717509,0.00126063048922876,0.641316474642308,0.684305455617988,"NA"
"Terasakiellaceae",16,0.00489090909090909,2e-04,3.04761904761905e-05,7.32627626158545,4.61203074391933,-2.71424551766612,-0.0010538863661966,0.989533389564148,0.0305637921524437,0.00198147498968337,0.0316176785186403,0.00141801335753999,7.86677767104132,0.0162472510741866,0.000710125835236825,0.00226805496356251,"Limu"
"AB1",3,6.06060606060606e-05,0.000101851851851852,0,Inf,-0.748938235832282,-Inf,-0.00168305758023884,0.598119667335689,0.000306162199733107,0.986901504048136,0.00198921977997195,0.579114893323361,0.672185796774334,7.19387646162753e-05,0.513135742892856,0.571571129983858,"NA"
"Fokiniaceae",9,6.36363636363636e-05,3.7037037037037e-06,0.000154285714285714,-1.2776811817982,4.10281080558378,5.38049198738197,0.00178069957184282,0.647696130714393,0.00393242050786712,0.2015231625538,0.0021517209360243,0.61730115652221,1.50061584232437,0.000212986895783625,0.228518525044093,0.320745732460992,"NA"
"Rickettsiaceae",23,0.00305757575757576,7.96296296296296e-05,0.000272380952380952,3.48869052063564,5.26293908720927,1.77424856657364,0.00331320413740974,0.850673042497119,0.0262208609625137,0.000860470627888965,0.0229076568251039,0.00429570133141,7.81038279756262,0.010348642659345,0.000745064588293712,0.00235560824379729,"Limu"
"Clade_I",20,3.93939393939394e-05,3.7037037037037e-05,4.95238095238095e-05,-0.330148601692331,0.089005006058745,0.419153607751076,0.00104252648030833,0.737713005282023,0.000108572298849263,0.997453050970268,-0.000933954181459069,0.830132879219262,0.316793660950697,2.20476313125893e-05,0.729290033090414,0.755853577342052,"NA"
"Clade_II",4,6.06060606060606e-06,9.25925925925926e-06,5.71428571428571e-06,0.0848888975865129,-0.611434712082347,-0.69632360966886,-0.000309532986432655,0.876106911000392,-0.000188731928743307,0.962818455188374,0.000120801057689348,0.984755467267539,0.121742666453957,1.72224524933915e-06,0.885521730208879,0.894091295339932,"NA"
"Sneathiellaceae",19,0.000175757575757576,0.000107407407407407,8.38095238095238e-05,1.06840077479794,0.710493382805015,-0.357907391992929,3.67182430854583e-05,0.999864401407847,0.00298444708780039,0.505434051791198,0.00294772884471493,0.51749981246622,0.759767896046449,0.000147812838955598,0.470751309886724,0.539770258914843,"NA"
"Sphingomonadaceae",93,0.0116454545454545,0.0069537037037037,0.00534095238095238,1.12459802535985,0.743913451466184,-0.380684573893665,-0.0111844010229902,0.384697705408195,0.0259297484644551,0.0225783816264029,0.0371141494874453,0.000667505161229376,7.45251780547623,0.0188253911993829,0.00101176074638533,0.00310471680018242,"Limu"
"Nisaeaceae",5,0.0176212121212121,7.40740740740741e-06,0,Inf,11.2160568591656,-Inf,-0.000453629374455548,0.999498688649267,0.0485343713204966,0.0156716061211228,0.0489880006949521,0.0151960516642574,4.97271786644066,0.039932767780655,0.00894498192122295,0.0231386722425023,"Limu"
"Thalassobaculales_unclassified",8,0,0.000190740740740741,3.80952380952381e-05,-Inf,-Inf,-2.32393044779851,-0.00456894096819326,0.0805860960500405,-0.00561245400955848,0.0546069256728828,-0.00104351304136522,0.901554615289541,3.58419308826241,0.00056009636620084,0.0317898430526782,0.0680512352921839,"NA"
"Geminicoccaceae",75,0.000854545454545455,0.0018962962962963,0.0034,-1.99230560821,-1.14995526479619,0.842350343413808,0.00596866642529956,0.71569497061063,-0.0138788291398837,0.254008562306011,-0.0198474955651832,0.0659891372031959,2.5966885940138,0.00538456761957181,0.0800958227862777,0.144913251630664,"NA"
"Acidiferrobacteraceae",2,0,0.000388888888888889,0,0,-Inf,-Inf,-0.00407325178435603,0.343586151904138,-0.00407325178435602,0.438234176457493,6.37510877421477e-18,1,1.22396519877167,0.000366080773791985,0.298909164861445,0.401538921037048,"NA"
"Alteromonadaceae",53,0.00911515151515152,0.00101481481481481,0.000377142857142857,4.5950836299057,3.16705015152213,-1.42803347838357,-0.0059914260259055,0.817414233015475,0.0457555804824932,0.000308738805788855,0.0517470065083987,4.68382119851452e-05,11.655147535342,0.0404861285031669,3.15348850758495e-05,0.000154225297324076,"Limu"
"Alteromonadales_unclassified",6,0,0,0.000601904761904762,-Inf,0,Inf,0.00798650790396481,0.057927180925895,-4.8186763221578e-19,1,-0.00798650790396481,0.111997999039295,3.31400754229003,0.0013922811425289,0.0408578298365461,0.0830422125898631,"NA"
"Colwelliaceae",25,0.000466666666666667,1.2962962962963e-05,0.000156190476190476,1.57908593438449,5.16992500144231,3.59083906705783,0.0031566376327466,0.410192046293421,0.015258950351106,1.43302649613375e-06,0.0121023127183594,0.000136341422698472,15.4254266133383,0.00333053400518164,1.73650277746035e-06,1.39365479319253e-05,"Limu"
"Pseudoalteromonadaceae",9,0.000496969696969697,5.55555555555556e-06,7.42857142857143e-05,2.7420011840635,6.48308288670194,3.74108170263844,0.00077707338730167,0.956683302858127,0.00802654708382545,0.0315100590030803,0.00724947369652377,0.0598362198654485,3.72002196620683,0.00099196832347758,0.0280366890760147,0.0605205771089146,"Limu"
"Shewanellaceae",41,0.00162424242424242,0.000422222222222222,0.000761904761904762,1.09208439899072,1.94369255909805,0.851608160107329,0.00218922936039356,0.918761762397243,0.018084424121986,0.0151555536988112,0.0158951947615925,0.038951187652837,4.47042501514838,0.00494199608544986,0.0140931881794112,0.0326753177789311,"Limu"
"Arenicellaceae",69,0.00485151515151515,0.00207777777777778,0.00104571428571429,2.21394665181873,1.22339401471248,-0.990552637106248,-0.0154021866574433,0.0722508940607881,0.0245835675951812,0.00687444774018109,0.0399857542526245,7.0518339101433e-06,12.7099306364992,0.0215986635080969,1.37495430670859e-05,7.68501246428191e-05,"Limu"
"AT-s2-59_fa",57,0.000448484848484848,0.000668518518518518,0.000643809523809524,-0.521574672345565,-0.575908278453206,-0.0543336061076406,-0.00158726848025356,0.916410088815774,-0.00373543744074625,0.690443749496987,-0.00214816896049269,0.885464481438286,0.338929039909051,0.000191170990468388,0.713438495228322,0.744354163354883,"NA"
"B2M28_fa",1,3.03030303030303e-06,0,0,Inf,Inf,0,-3.69295609028942e-19,1,0.000371138933356425,0.237982212795769,0.000371138933356425,0.241596939632277,1.63594470046083,2.31350856415376e-06,0.200506326547497,0.297433555494631,"NA"
"BD7-8_fa",55,0.00145151515151515,0.000442592592592593,0.000531428571428571,1.44961193221466,1.71350842056045,0.263896488345785,0.0014940953895045,0.935481531571544,0.0162203611393542,0.00376159139837118,0.0147262657498497,0.00990142645205905,6.21467529388411,0.00406637044333907,0.00296356227852598,0.00835671165025795,"Limu"
"Burkholderiaceae",93,0.00338181818181818,0.00255740740740741,0.100691428571429,-4.89599797033437,0.403117090376152,5.29911506071053,0.182454019356076,0.000350438779549656,0.0021604814816496,0.999038417411563,-0.180293537874426,0.00231062946826699,9.85850503961024,0.720192075418964,0.000134457348501456,0.000547145815043402,"Coral"
"Burkholderiales_unclassified",42,0.000633333333333333,0.000196296296296296,0.00035047619047619,0.853648574331539,1.6899320603227,0.83628348599116,0.000527554496314022,0.987021838751768,0.0143870230277166,0.00113579417192144,0.0138594685314026,0.00189369515772064,8.05340213439234,0.00335687395147411,0.000605992663960009,0.00201782663637748,"Limu"
"Comamonadaceae",30,0.000412121212121212,2.96296296296296e-05,0.000912380952380952,-1.14656760617817,3.79795622405535,4.94452383023353,0.0168471217725173,0.000422994038721813,0.00443119760281443,0.631861130262198,-0.0124159241697028,0.0329001480879842,8.26932163201161,0.00528893498926791,0.000504766634701484,0.00169883824367274,"Coral"
"EC94",7,0.000136363636363636,4.81481481481481e-05,0.000217142857142857,-0.671185519527398,1.5019067609936,2.173092280521,0.00139162086558095,0.864028342270791,0.000433307563464436,0.989134611238779,-0.00095831330211651,0.94854095587938,0.136979793677783,3.54405351267079e-05,0.87216929099829,0.883459508357492,"NA"
"Nitrosomonadaceae",20,0.000245454545454545,7.40740740740741e-05,4e-05,2.61738397841353,1.72841529080228,-0.888968687611256,-0.0016381983720654,0.702965483654404,0.00609910459953948,0.0277365068980313,0.00773730297160488,0.00388570410917088,5.72686945681526,0.000848815412265826,0.00455879816626272,0.0124078593568716,"Limu"
"Oxalobacteraceae",1,0,0,0.000198095238095238,-Inf,0,Inf,0.00238180459016773,0.480985450674687,1.0842021724855e-19,1,-0.00238180459016773,0.572018342781447,0.825426944971535,0.000123829849512479,0.441336377019748,0.527245366439623,"NA"
"BD2-7",8,9.39393939393939e-05,8.88888888888889e-05,4.57142857142857e-05,1.03908520797339,0.0797271924707345,-0.959358015502654,-0.00182824647067495,0.62559545969228,0.000561902054545398,0.966266930544279,0.00239014852522034,0.543909884466542,0.688056160620492,9.52737230234113e-05,0.505175726719417,0.566738360083074,"NA"
"Cellvibrionaceae",66,0.016169696969697,0.00198703703703704,0.000937142857142857,4.10887984415301,3.02460197323308,-1.08427787091994,-0.00901133844099031,0.607794591645049,0.0813564591001299,5.35776312204916e-10,0.0903677975411202,4.37754943405366e-10,39.4873933429433,0.125081139582272,4.88570359792246e-13,1.42515963964778e-11,"Limu"
"Cellvibrionales_unclassified",43,0.00232727272727273,0.000314814814814815,0.00016,3.86249647625007,2.88606494738847,-0.976431528861596,-0.00474270193772645,0.515946018028948,0.0273115890668636,8.09894143305456e-07,0.03205429100459,1.39592202241801e-08,23.0256880984405,0.0151641948849743,8.40002663671663e-09,1.25200397013919e-07,"Limu"
"Halieaceae",86,0.0192090909090909,0.00348148148148148,0.00334285714285714,2.52263563577184,2.46401598889611,-0.0586196468757309,-0.00492848648990817,0.820762856830163,0.0783353849742291,4.37625935489905e-10,0.0832638714641372,4.35623870309598e-10,45.8426848429596,0.109988942030103,1.86859362828364e-14,7.31087257065975e-13,"Limu"
"Microbulbiferaceae",75,0.0016030303030303,0.00761481481481481,0.00172190476190476,-0.103203651993493,-2.24800725427484,-2.14480360228134,-0.0221170805368173,0.133711474331604,-0.0283424174445507,0.0801792323948753,-0.00622533690773341,0.882683866393086,2.98637653018606,0.0137892170777023,0.05549515077849,0.10527261935556,"NA"
"Porticoccaceae",20,2.12121212121212e-05,0.000466666666666667,0.000257142857142857,-3.59960927668556,-4.4594316186373,-0.85982234195174,-0.00860191963839523,0.0471324975184899,-0.0109768070202749,0.0226535398408068,-0.00237488738187964,0.831186621268159,4.58017112347688,0.00207529449413772,0.0127556371820168,0.0302620168296755,"CCA"
"Spongiibacteraceae",49,0.00306060606060606,0.000290740740740741,0.00023047619047619,3.73112773867223,3.39601221155255,-0.335115527119686,0.000278550046474951,0.996887170428913,0.0433564821952754,4.35393054942779e-10,0.0430779321488004,4.35394387210408e-10,64.4262804110814,0.0313740050460343,4.30615296149184e-18,3.36956469236736e-16,"Limu"
"Chromatiaceae",8,0,0.000140740740740741,7.23809523809524e-05,-Inf,-Inf,-0.959358015502654,-0.00102641186657411,0.87422824930661,-0.00364057332184288,0.278276420644903,-0.00261416145526877,0.517620192845335,1.20031126014011,0.000183725622015324,0.30587399321337,0.407398127131,"NA"
"Sedimenticolaceae",17,0,0.000407407407407407,0.000137142857142857,-Inf,-Inf,-1.570792727585,-0.00391621018457448,0.423136231437909,-0.00915710666658368,0.0307427317583397,-0.00524089648200919,0.311247733388031,3.33628155764965,0.0011493020735149,0.0400191097986792,0.0824077721512275,"CCA"
"Coxiellaceae",19,0.000160606060606061,0.00109814814814815,0.000737142857142857,-2.19841790327354,-2.77347445717779,-0.575056553904247,0.00107757651714352,0.983171406509403,-0.00742279306894175,0.541105051738645,-0.00850036958608526,0.451752070843509,0.809281450618337,0.0010832034014658,0.448390638282061,0.532515741603685,"NA"
"D90_fa",27,0,0.0012,0.000626666666666667,-Inf,-Inf,-0.937264244652038,-0.00764860976805043,0.30109951774559,-0.0213803051146467,0.00126498094406891,-0.0137316953465963,0.0564922311216972,6.66809452568214,0.00624665969211095,0.00199321008155484,0.00572362161033639,"CCA"
"Ectothiorhodospiraceae",16,1.51515151515152e-05,0.000366666666666667,0.000102857142857143,-2.76310800896844,-4.59693514238723,-1.8338271334188,-0.00370877227337149,0.429684389941231,-0.00719824079695563,0.0913380188013636,-0.00348946852358414,0.564664442849267,2.31508202326527,0.000728433650257754,0.104611936460915,0.183952450068912,"NA"
"Thioalkalispiraceae",7,0,0.000162962962962963,9.52380952380952e-05,-Inf,-Inf,-0.774933444365226,-0.00267636577264787,0.471849828864904,-0.00462339485582321,0.182570743785328,-0.00194702908317534,0.737409137773366,1.68249395587481,0.000310472305496162,0.191703872356624,0.297433555494631,"NA"
"Enterobacteriaceae",2,0.000248484848484849,0,4e-05,2.63508598014699,Inf,Inf,0.00106929456875618,0.85858326331293,0.0033638382291593,0.318539679873028,0.00229454366040312,0.587777158216401,1.06173220535972,0.000155445934580982,0.350147593561298,0.454756003255959,"NA"
"EPR3968-O8a-Bc78_fa",79,0.000442424242424242,0.00452777777777778,0.00655238095238095,-3.88851689240177,-3.35530080815456,0.53321608424721,0.00532549767057315,0.829967436136889,-0.0415403466148268,0.000401041967052707,-0.0468658442853999,6.69618131985406e-05,11.2021750731271,0.0332649886885117,4.52556246577337e-05,0.000211418067430905,"CoralCCA"
"Francisellaceae",2,6.66666666666667e-05,0,6.47619047619048e-05,0.0418201756946269,Inf,Inf,0.00136078648705785,0.63802949631861,0.0017412023638067,0.568279601977055,0.000380415876748849,0.973455990210867,0.650547946326114,5.21053546676048e-05,0.52419558096667,0.581819917881445,"NA"
"Ga0077536_fa",38,0.00108484848484848,0.000162962962962963,0.000121904761904762,3.15366717557193,2.73487754143197,-0.418789634139951,-0.00108246002631674,0.936108993749051,0.0200685356970275,6.03593412584758e-07,0.0211509957233442,1.86665104928707e-07,20.6081745827269,0.0071496995195633,4.28011231405751e-08,5.58197980958333e-07,"Limu"
"Gammaproteobacteria_unclassified",90,0.0421818181818182,0.0458981481481481,0.0442438095238095,-0.0688543296589296,-0.121814664816583,-0.0529603351576537,-0.0144150963456698,0.771558222712116,-0.00859658423582454,0.931302748243252,0.00581851210984521,0.968241684979554,0.238504583377268,0.0037249453303516,0.788301412940244,0.803707955212692,"NA"
"Granulosicoccaceae",37,0.00268484848484849,0.00017962962962963,8.19047619047619e-05,5.03474953216059,3.90174342917291,-1.13300610298768,-0.00196470207615537,0.903097672508341,0.032558585590998,3.97044509492517e-08,0.0345232876671534,8.86346140926975e-09,25.6071008004607,0.0189479845620954,1.57175934800997e-09,2.89388632898307e-08,"Limu"
"HOC36_fa",74,0.000687878787878788,0.00159814814814815,0.00186857142857143,-1.44170944062065,-1.21617487908303,0.22553456153763,-0.00278214996515889,0.89366386075951,-0.00853696060970358,0.446592766745858,-0.00575481064454468,0.694351480995107,0.743300498044463,0.000999723788029941,0.478438103747411,0.54257654519181,"NA"
"JTB23_fa",57,6.06060606060606e-06,0.00587962962962963,0.00505142857142857,-9.70301366180492,-9.92204749374188,-0.219033831936957,-0.00998782343097898,0.559412056749305,-0.0623906223749218,5.58140709872035e-07,-0.0524027989439428,2.55971466391891e-05,17.1807429748803,0.0572374784631559,4.78682231050719e-07,4.99425127729583e-06,"CoralCCA"
"KI89A_clade_fa",85,0.00768787878787879,0.00582407407407407,0.00441714285714286,0.799472097725605,0.400556885102303,-0.398915212623302,-0.0134659260426386,0.172889000447996,0.0123709568318148,0.31663404668207,0.0258368828744534,0.00898042969268043,4.71505854620101,0.00928703955347185,0.0112876916278016,0.0276019334336085,"Limu"
"MBAE14_fa",39,0.000175757575757576,0.000198148148148148,0.000278095238095238,-0.661992165444776,-0.17299260846856,0.488999556976216,0.00170266229881418,0.829381536587601,0.00175249629245183,0.858494731130311,4.98339936376487e-05,0.99987767757719,0.216449489829435,6.54532378013691e-05,0.805791227248747,0.818872253665123,"NA"
"MBMPE27_fa",6,5.45454545454545e-05,0,9.52380952380952e-06,2.51784830486262,Inf,Inf,0.000733996259142645,0.698689148566481,0.00300459986942254,0.012770067580385,0.0022706036102799,0.0797010506549112,4.33799417008898,0.000126866068379091,0.0158999625076105,0.0363261917144679,"Limu"
"MD2904-B13_fa",13,0,0.000122222222222222,2.28571428571429e-05,-Inf,-Inf,-2.41878963413995,-0.00232540323354502,0.352162763209535,-0.00408919880736053,0.0877689810509513,-0.00176379557381552,0.630632450072534,2.41856598876971,0.000241423290324748,0.0948166037933023,0.169586268498878,"NA"
"Methylophagaceae",13,0.000509090909090909,0.000125925925925926,2.47619047619048e-05,4.36172910294534,2.01534796433344,-2.3463811386119,-0.00272284145866782,0.641086217698257,0.00448339477432732,0.398143953912035,0.00720623623299514,0.0996416557496573,2.1643973397275,0.000701583917171581,0.120759163069604,0.20321300021928,"NA"
"Nitrosococcaceae",71,0.000933333333333333,0.0035962962962963,0.00625333333333333,-2.74416109557041,-1.94604756191928,0.798113533651134,0.0124542425064375,0.442409475517172,-0.0222671170933318,0.139186176069628,-0.0347213595997693,0.010370194518676,4.43485860159366,0.0163055951565201,0.0145567621924089,0.0335019600457647,"Coral"
"Alcanivoracaceae1",3,0,0,6.0952380952381e-05,-Inf,0,Inf,0.00218359381957471,0.126204980414854,-2.49968834211936e-19,1,-0.00218359381957471,0.204578012311729,2.38087387580283,0.000104077488138024,0.0982709445677688,0.174765941191543,"NA"
"Endozoicomonadaceae",50,0.000524242424242424,0.00202407407407407,0.04152,-6.30742852519225,-1.94895607523016,4.35847244996208,0.0927734495894284,0.00185672690433525,-0.0197342213495861,0.787458483069633,-0.112507670939015,0.000936128989933893,9.19042591694911,0.224728902459839,0.000233371448014416,0.000849363525912931,"Coral"
"Nitrincolaceae",40,0.000442424242424242,0.000314814814814815,0.000131428571428571,1.75115150040952,0.490927005547331,-1.26022449486219,-0.0028804277316037,0.605746845217984,0.00959859740162595,0.0171465907132307,0.0124790251332296,0.00141074451827927,6.80159411325646,0.00218637112036484,0.00177469002803907,0.00514331461829843,"Limu"
"Oceanospirillales_unclassified",9,0,7.59259259259259e-05,0.000131428571428571,-Inf,-Inf,0.791614436657431,0.000414697989278106,0.97712611436035,-0.00313491007101727,0.366886027228367,-0.00354960806029538,0.281736283677924,1.30926632781096,0.000190343847198897,0.275110771073922,0.377673997132182,"NA"
"Oleiphilaceae",8,0.000296969696969697,0,3.80952380952381e-05,2.96263314753552,Inf,Inf,0.00104351304136523,0.856593153379038,0.0086676955767972,0.000608090463591893,0.00762418253543197,0.00303905854237474,8.27038684459219,0.0011358370637918,0.000504312627702033,0.00169883824367274,"Limu"
"Pseudohongiellaceae",38,0.000872727272727273,0.000107407407407407,0.000247619047619048,1.81740858672153,3.02243738911976,1.20502880239823,0.0032807004102491,0.613759600819381,0.0154686325159012,0.000527311495844507,0.0121879321056521,0.00810215479416798,7.96963325123222,0.00341344300282375,0.0006506533197983,0.00214373146417756,"Limu"
"Saccharospirillaceae",2,3.33333333333333e-05,0,0.000678095238095238,-4.34645041402143,Inf,Inf,0.00441920704313085,0.491282353745933,0.00123106540461755,0.958040399170806,-0.0031881416385133,0.75323258570395,0.679796075899957,0.000361653723033836,0.50930281796863,0.569327792943504,"NA"
"OM182_clade_fa",10,3.03030303030303e-05,0.000316666666666667,0.000123809523809524,-2.03058831983342,-3.38543103719352,-1.3548427173601,-0.00189123738660964,0.809825323499186,-0.00427617179732221,0.439452788456384,-0.00238493441071256,0.774785176717906,0.759684250180621,0.000251275964890653,0.470790034133394,0.539770258914843,"NA"
"pItb-vmat-80_fa",51,0.000142424242424242,0.00122777777777778,0.000643809523809524,-2.17643918629688,-3.10778282562994,-0.931343639333057,-0.0100444638977756,0.0544765702128414,-0.0225060512540495,3.86348995458086e-05,-0.0124615873562739,0.0338404086765935,10.7185916184186,0.00696626741671936,6.67662913915608e-05,0.00029854070293655,"CoralCCA"
"Moraxellaceae",1,0.000963636363636364,0,0,Inf,Inf,0,1.70718818270733e-19,1,0.00664189225840237,0.237982212795769,0.00664189225840237,0.241596939632277,1.63594470046083,0.000740937769787268,0.200506326547497,0.297433555494631,"NA"
"Pseudomonadaceae",8,0.00129090909090909,5.55555555555556e-06,0.000266666666666667,2.27527800158854,7.8602405023097,5.58496250072116,0.0050269583068072,0.540942113454939,0.00730401530370801,0.370644215329914,0.00227705699690081,0.907816058136853,1.05292902396079,0.000839625312869208,0.353172232854455,0.456788879683655,"NA"
"SAR86_clade_fa",5,1.21212121212121e-05,0,5.71428571428571e-06,1.08488889758651,Inf,Inf,0.000699861988614973,0.368203574766406,0.00104975109084631,0.180593825518388,0.000349889102231335,0.824984459874349,1.80237320419662,1.70342781812167e-05,0.170808204826754,0.274481046908176,"NA"
"SS1-B-07-19_fa",63,0.0208030303030303,0.000346296296296296,0.00039047619047619,5.73541530383669,5.90864292795184,0.173227624115155,0.000318224838250555,0.999776278276763,0.0574542932042093,0.00550134987765061,0.0571360683659587,0.00611092126958868,6.22614889537824,0.0551419850914144,0.00293383903374396,0.00834810561419871,"Limu"
"Woeseiaceae",88,0.0217,0.0180111111111111,0.0196857142857143,0.140545981797792,0.26880785836925,0.128261876571458,-0.00203937098908355,0.98571265067818,0.00850446824881809,0.825270288492661,0.0105438392379016,0.747073314245727,0.281687707811057,0.00159274644642257,0.755172011557252,0.780095180255511,"NA"
"SZB50_fa",23,0.00114545454545455,3.7037037037037e-05,5.52380952380952e-05,4.37411282740117,4.95080771213873,0.576694884737556,0.000852978637939484,0.953272746521266,0.0239343789756511,8.4415097134638e-10,0.0230814003377117,2.04849071039348e-09,31.2790783343654,0.00929930973117524,4.8564448254625e-11,1.16928248489982e-09,"Limu"
"Tenderiaceae",78,0.00357272727272727,0.00481111111111111,0.0018952380952381,0.914646685856421,-0.429344329663103,-1.34399101551952,-0.0248446243232775,0.00565604087611427,-0.00489027832594105,0.847102440635955,0.0199543459973365,0.0717010907809326,5.48041266082494,0.0118632016291465,0.00567587443188818,0.0151841768989829,"CCA"
"Thiohalorhabdaceae",34,0.000972727272727273,0.000292592592592593,0.000114285714285714,3.08939028982145,1.73314212175022,-1.35624816807124,-0.00547536391062106,0.27085906463942,0.0131343150671195,0.00430475988836621,0.0186096789777406,3.93294308501657e-05,10.7670528668928,0.00474267665896069,6.42047111972837e-05,0.000291247458039852,"Limu"
"Thiotrichaceae",3,6.06060606060606e-05,9.62962962962963e-05,0,Inf,-0.668018240448715,-Inf,-0.00216845063353014,0.409289950143185,-0.000508316249540005,0.962465139372206,0.00166013438399013,0.669313549478616,0.872994840855354,8.872625017818e-05,0.421205352691372,0.527245366439623,"NA"
"UBA10353_marine_group_fa",81,0.00358181818181818,0.00966111111111111,0.00328,0.126996291088357,-1.4314970150452,-1.55849330613355,-0.0320959707022436,0.0260897668938599,-0.0199094496661725,0.32625293304108,0.0121865210360712,0.657370922277762,3.54228075280664,0.0185621746122936,0.0330487563533666,0.0698936536392146,"CCA"
"Vibrionaceae",72,0.0159515151515152,0.00458518518518519,0.000975238095238095,4.03179517204291,1.79864155732599,-2.23315361471692,-0.0096921837935967,0.733561309355652,0.0680874044223376,3.61933858754604e-05,0.0777795882159343,2.86609558197704e-06,15.3832640528605,0.0908412098647095,1.79191241512045e-06,1.40217146483175e-05,"Limu"
"Rhodanobacteraceae",8,1.51515151515152e-05,5.55555555555556e-06,0.00015047619047619,-3.31200125498207,1.44745897697122,4.75946023195329,0.00247274988591014,0.376643939734195,0.000837559238954365,0.916354397381856,-0.00163519064695578,0.72022379659267,0.91879127179211,0.000110953930805927,0.402710525667652,0.512391847699085,"NA"
"Xanthomonadaceae",14,6.96969696969697e-05,1.11111111111111e-05,0.000645714285714286,-3.21172810877166,2.64909283814087,5.86082094691253,0.0107273953779656,0.00892970387896586,0.00122476259707894,0.95060096462628,-0.00950263278088666,0.0554057209229596,5.20668495196529,0.00231952787010336,0.00724925735185355,0.0190673743792451,"Coral"
"Proteobacteria_unclassified",49,0.000596969696969697,0.00297592592592593,0.00116761904761905,-0.967840045926736,-2.3176090114137,-1.34976896548697,-0.00755683687529905,0.668159787930932,-0.00528998871989537,0.858460765054015,0.00226684815540367,0.972606608709131,0.382834403398727,0.00105455185372503,0.683030945491519,0.719827225383318,"NA"
"SAR324_clade(Marine_group_B)_fa",4,0,4.44444444444444e-05,2.28571428571429e-05,-Inf,-Inf,-0.959358015502654,0.000239850053617482,0.978153074968366,-0.00111140762094414,0.695526525292838,-0.00135125767456162,0.588819759732707,0.518517500803532,2.64164082669904e-05,0.597170319196811,0.649008020515979,"NA"
"Leptospiraceae",14,5e-04,0,8.95238095238095e-05,2.48158476087585,Inf,Inf,0.00160015596327416,0.793285580933727,0.0140660714144781,8.15242943641437e-06,0.0124659154512039,8.32985706497036e-05,13.9427179839136,0.00300628121475469,5.31136315844175e-06,3.61403623607015e-05,"Limu"
"Spirochaetaceae",63,7.27272727272727e-05,0.00411296296296296,0.00412190476190476,-5.82467088479799,-5.82153779402081,0.00313309077718019,-0.000362214250942079,0.998948937417054,-0.0494144208766272,3.30757821687122e-06,-0.0490522066256851,4.3456543494802e-06,16.6788389139487,0.0407179638076683,6.89341754970068e-07,6.87274572377011e-06,"CoralCCA"
"Chlamydiales_unclassified",16,2.12121212121212e-05,1.2962962962963e-05,0.00194095238095238,-6.51573201580054,0.710493382805015,7.22622539860556,0.0119333776819759,0.14832074931465,0.000471095365478488,0.997648615693251,-0.0114622823164974,0.258907646173268,2.12699180217202,0.00301905718417408,0.125148535157334,0.208358997363008,"NA"
"Simkaniaceae",17,4.54545454545455e-05,9.62962962962963e-05,0.00245904761904762,-5.757531291391,-1.08305573972756,4.67447555166344,0.0171294764055943,0.0415864487407012,-0.000693688963208702,0.99580375811818,-0.017823165368803,0.0712759290841062,3.83625369292427,0.00660958309888956,0.0251859170796484,0.0563085146137853,"Coral"
"Kiritimatiellaceae",6,9.09090909090909e-06,0.000244444444444444,0,Inf,-4.74893823583228,-Inf,-0.00531456758081602,0.0506974700726917,-0.00467172180487588,0.164693537818773,0.000642845775940135,0.965908930858585,3.22454787473155,0.000571955084439218,0.0444115275313185,0.0885401790910999,"NA"
"Lentisphaeraceae",1,5.15151515151515e-05,0,0,Inf,Inf,0,3.26981607574997e-21,1,0.00153051721154606,0.237982212795769,0.00153051721154606,0.241596939632277,1.63594470046083,3.93436381098721e-05,0.200506326547497,0.297433555494631,"NA"
"Chthoniobacterales_unclassified",11,0.000181818181818182,0.000364814814814815,3.80952380952381e-06,5.57674199391619,-1.00466784104284,-6.58140983495903,-0.0074849572400341,0.0410398980876724,-0.00386704075623249,0.506385035397347,0.00361791648380162,0.554317303788204,3.03703743880243,0.000994766929530974,0.0529216553100364,0.101622565104548,"CCA"
"Methylacidiphilaceae",57,0.000833333333333333,0.000892592592592593,0.000512380952380952,0.701676844163067,-0.0991081450129245,-0.800784989175991,-0.00677402622761449,0.30783230753613,0.00296967009652842,0.837904387626162,0.00974369632414291,0.159197993648116,1.98019528281913,0.00148286312091106,0.144011218262464,0.237239533242901,"NA"
"Opitutaceae",4,3.03030303030303e-06,0,6.0952380952381e-05,-4.33014860169233,Inf,Inf,0.00174475409056943,0.284308258522704,0.000371138933356424,0.956391231900119,-0.001373615157213,0.549237137097175,1.24858264474497,5.80386437589252e-05,0.291832646634752,0.395426919466136,"NA"
"Opitutales_unclassified",2,2.72727272727273e-05,0,0,Inf,Inf,0,1.51435508202956e-18,1,0.00155199730200335,0.0572758203968763,0.00155199730200335,0.0589878306602407,3.32770907720798,4.04557265259667e-05,0.0403398002504654,0.0825252122770958,"NA"
"Puniceicoccaceae",63,0.00318181818181818,0.00104259259259259,0.00125333333333333,1.34408123712591,1.60967588327827,0.265594646152358,0.00143721226758086,0.975045265888918,0.017450494377599,0.0637045180333831,0.0160132821100181,0.0993933181600251,2.96743299441394,0.00474440518155385,0.0564900071401436,0.106514290571476,"NA"
"Pedosphaeraceae",38,0.000181818181818182,0.000138888888888889,0.000257142857142857,-0.500073603134643,0.388565287917653,0.888638891052296,0.00210396076505012,0.731642482501983,0.00472956940725911,0.301495560738393,0.00262560864220899,0.690668961214251,1.11459948597549,0.000307547665749567,0.332531868135805,0.437321322380281,"NA"
"Verrucomicrobiae_unclassified",3,6.06060606060606e-06,0,3.80952380952381e-05,-2.65207669657969,Inf,Inf,0.00104351304136522,0.511745753887022,0.000742277866712851,0.769188966659046,-0.000301235174652374,0.958010540392556,0.641374988038548,2.01965987975494e-05,0.528957457208927,0.585030685888319,"NA"
"DEV007",80,0.0128515151515152,0.0023462962962963,0.0016552380952381,2.9568277990897,2.45348134126064,-0.503346457829063,-0.00947308986309917,0.376274477404474,0.0653301760362068,4.4251924347094e-10,0.074803265899306,4.35430358436406e-10,47.3818299863834,0.083891504978218,8.77339896181139e-15,3.92296267863852e-13,"Limu"
"Rubritaleaceae",87,0.013530303030303,0.00940555555555556,0.0024152380952381,2.48595682817685,0.524609084196802,-1.96134774398004,-0.0422691536107848,0.00115115359309936,0.0174309542353375,0.382006745950767,0.0597001078461223,5.26904501788605e-05,12.0148047533424,0.0563034144029003,2.37202496635304e-05,0.000125837934655678,"CCALimu"
"Verrucomicrobiales_unclassified",34,0.000372727272727273,0.00171296296296296,4e-05,3.22004848086815,-2.20030166725942,-5.42035014812757,-0.0239212172281834,7.13075404232821e-05,-0.0168242396605277,0.019655794060768,0.00709697756765564,0.484405154367073,10.3333649639222,0.0105802719354369,9.12314229826475e-05,0.000385884262075252,"CCA"
"WPS-2_fa",23,0.00026969696969697,3.88888888888889e-05,9.9047619047619e-05,1.44514511113297,2.79390939099265,1.34876427985968,0.00186424489406781,0.675457659368477,0.00751230425362633,0.00994921795522707,0.00564805935955852,0.0705346650122448,4.5952541751134,0.000791814539748675,0.01258223243587,0.0302620168296755,"Limu"
"Eukaryota_unclassified",3,0,7.59259259259259e-05,0,0,-Inf,-Inf,-0.00240489956123482,0.141103915146508,-0.00240489956123482,0.219453084937242,-5.63165585593899e-18,1,2.27320755875431,0.000127611053527263,0.10886416154051,0.189302680900999,"NA"
