"subclass","n_samp_obs","Limu_MA","CCA_MA","Coral_MA","FC_LimuVCoral","FC_LimuVCCA","FC_CoralVCCA","tuk_Coral_CCA_diff","tuk_Coral_CCA_p","tuk_Limu_CCA_diff","tuk_Limu_CCA_p","tuk_Limu_Coral_diff","tuk_Limu_Coral_p","f_stat","sum_of_sq","p_val","adj_p_val","sample_type_DA"
"#N/D",103,0.167283948365676,0.160969714451139,0.157069761757399,0.090893551732327,0.0555097401592578,-0.0353838115730692,-0.00317527531537853,0.953267656087046,0.00858506852178925,0.772473536665924,0.0117603438371678,0.602601960317065,0.468876298713824,0.0021410559356439,0.627073514667705,0.645792127045845,"NA"
"Aspochalasins",7,9.82869110856124e-05,0,0,Inf,Inf,0,-7.15573433840433e-18,1,0.00496064340755713,5.42456357470744e-05,0.00496064340755714,3.5344167086615e-05,12.8053348141954,0.000452978017476877,1.11859650564718e-05,8.90574910265254e-05,"Limu"
"unclassified",32,0.00554602019286596,0.00601653096556293,0.00556110836167878,-0.00391958004353864,-0.117479022889867,-0.113559442846328,-0.00254323555930939,0.00149727782361753,0.00441003217442364,1.66470105589234e-06,0.00695326773373303,1.21735177494031e-10,37.3316816859412,0.00073840995766692,7.76084588671408e-13,2.29499299792831e-11,"CoralCCA"
"Anilides",64,0.000261374061957806,0.000174407315393746,0.000186037259160327,0.49052438888121,0.583655424927726,0.0931310360465157,0.0019033546443406,0.692518526947515,0.00603504426930126,0.0706574399357703,0.00413168962496066,0.265376233524166,2.51776673991509,0.00053572539467352,0.0857408374366462,0.115822860530261,"NA"
"Aniline and substituted anilines",42,0.000257328101520102,0.00056572616276725,1.91508527750776e-05,3.7481284742441,-1.13649487668331,-4.88462335092742,-0.0157168894888435,1.88607034989907e-07,-0.00480681061773337,0.277468129291435,0.0109100788711101,0.00154892818535679,17.9120974885145,0.00509096811565979,2.24462097233053e-07,2.73315612513188e-06,"CCALimu"
"Benzenesulfonamides",103,0.00908750374487758,0.0132386953097003,0.0120575223921524,-0.407977530680038,-0.542804991048717,-0.134827460368679,-0.00430239295481169,0.498009488303657,-0.0196882827450369,6.64412485904542e-05,-0.0153858897902252,0.00163469436871455,10.4100873188717,0.00593785385196298,7.81676477273699e-05,0.000505646971236424,"CoralCCA"
"Benzenesulfonic acids and derivatives",6,1.26057783854746e-05,1.64121037346147e-06,0,Inf,2.94125312171664,-Inf,-0.000357499277635078,0.653210563853323,0.000849882489986599,0.173933180544532,0.00120738176762168,0.0269947617327471,3.46484186066029,2.24218022103617e-05,0.035082124621372,0.0543946535253432,"Limu"
"Benzoic acids and derivatives",103,0.00478437117376853,0.00776958291109963,0.00712949496694113,-0.575470565054391,-0.699507834718725,-0.124037269664334,-0.00244312573568925,0.845521475315099,-0.0178651243140561,0.00217151848632258,-0.0154219985783669,0.00765016303092136,6.71552901048266,0.00516925054577022,0.00183400642270872,0.006779273741084,"CoralCCA"
"Benzonitriles",9,0,6.70702918339693e-05,4.90705672323507e-06,-Inf,-Inf,-3.77274402599018,-0.00331128116307996,0.00626227948737546,-0.00365310379423654,0.0100724016350994,-0.000341822631156583,0.956084057831353,6.43160281726603,0.00028162376634433,0.00235711588634502,0.0078445685830079,"CCA"
"Benzophenones",63,6.62395664781874e-05,4.71069246605801e-05,4.95604955758776e-05,0.418502617126247,0.491754080939148,0.0732514638129012,-0.000187528049296351,0.984177647485346,0.00147577225358588,0.484889122228942,0.00166330030288223,0.382313401732323,0.970011184789404,4.63818264589693e-05,0.382616568412927,0.425815213233741,"NA"
"Benzoyl derivatives",3,0,2.40357144191631e-05,0,0,-Inf,-Inf,-0.0011627428079953,0.181576853716213,-0.0011627428079953,0.280802381652691,-1.80700362080917e-18,1,1.90911557379421,3.20535221872269e-05,0.15357437078424,0.195030029155446,"NA"
"Benzylamines",33,0.000149156253018642,5.29114983540125e-06,5.22562524354117e-05,1.51314889007498,4.81709937751864,3.30395048744366,0.00411347213487371,0.0149389847284664,0.00584080779941621,0.00220216849309418,0.0017273356645425,0.54655543178945,7.01503572681876,0.000578605869131527,0.00140938672626664,0.00540264911735545,"CoralLimu"
"Benzylethers",103,0.000695011563221065,0.00156181967049056,0.00228811767764648,-1.7190523657584,-1.168119001937,0.550933363821401,0.00484625641123679,0.586001503495696,-0.0113369916693494,0.120265477602073,-0.0161832480805862,0.0123644175394186,4.25450108984111,0.00402546183295092,0.0168543305809637,0.0300762623298231,"Coral"
"Benzyloxycarbonyls",83,0.000167797701761838,0.000463646767737295,9.69343420026682e-05,0.791643175205672,-1.466303141295,-2.25794631650067,-0.00484010963410597,0.132324702302336,-0.0027802048044427,0.603984618232074,0.00205990482966327,0.747330574119306,1.8890512792214,0.0004616118019271,0.156571857051747,0.197624234205558,"NA"
"Biphenyls and derivatives",39,4.09735885307592e-05,0.000232702999446047,2.68002155682234e-05,0.612449646748028,-2.50572364966434,-3.11817329641236,-0.00931255173751703,2.4978967894107e-07,-0.00972393952387149,3.21233080957661e-06,-0.000411387786354462,0.972446878666254,20.842446957726,0.00212528096094902,2.71532946988273e-08,4.68394333554772e-07,"CCA"
"Diphenylethers",6,0,6.73529293644652e-05,0,0,-Inf,-Inf,-0.00262839933575683,0.0405191145457618,-0.00262839933575683,0.0908652894135075,1.54498809579184e-18,1,3.66066618405372,0.000163791414102537,0.0292211440602558,0.0495801378727291,"CCA"
"Diphenylmethanes",103,0.00067339382586154,0.000632459843428482,0.000498605149517855,0.433552710763806,0.0904766114664624,-0.343076099297344,-0.00271109503800377,0.297281712912258,0.000636144230397484,0.951013792238586,0.00334723926840126,0.238968255456481,1.73343134426019,0.000224028685472752,0.18194325802497,0.222853576397449,"NA"
"Methoxybenzenes",30,2.17431912509744e-05,2.8748262468172e-05,1.05884851418152e-05,1.03806749777085,-0.402911062421672,-1.44097856019252,-0.00138579167959413,0.263444455572957,-0.00051831126144665,0.869026070213651,0.000867480418147477,0.662978988986037,1.26082837175011,3.86546706291898e-05,0.287885116704169,0.3350609453626,"NA"
"N-phenylureas",35,0.000107147261968366,1.72495802898105e-05,4.34240780789927e-05,1.30302785895118,2.63496181965771,1.33193396070653,0.000367622507389759,0.958191124796872,0.00487375408509074,0.00560329073228671,0.00450613157770098,0.00927722124360841,5.91199054389657,0.000405541458054542,0.00374328174233659,0.010331457608849,"Limu"
"Nitrobenzenes",103,0.0152723464243985,0.00366133413562759,0.00720788268280403,1.08327429823299,2.06048038703513,0.977206088802132,0.0256124258583823,3.24200621029114e-05,0.063133761100348,1.21455956403338e-10,0.0375213352419658,1.04693117286558e-07,48.2395678918195,0.0580386980012086,2.15862915903434e-15,8.93672471840216e-14,"CoralLimu"
"Phenethylamines",101,0.0031807518818708,0.00381661744085429,0.00423000201140387,-0.411290512143083,-0.262926747858582,0.148363764284501,0.00800065138509144,0.348760997636935,-0.00165221788047999,0.966845828262756,-0.00965286926557143,0.304733957246072,1.46353469969304,0.00190116105322315,0.236330420072827,0.281151706638363,"NA"
"Phenoxy compounds",102,0.00577297499075831,0.0060539980196793,0.00603358423026842,-0.0637003094584193,-0.0685732278202668,-0.00487291836184753,0.00344068721243375,0.868044740700827,0.00292612784785008,0.926989312981135,-0.000514559364583667,0.997540927859885,0.140819910593356,0.000255018515178205,0.868817680375909,0.873035241931132,"NA"
"Phenylacetamides",51,3.51076079601228e-05,3.14938345121645e-05,4.09081122744127e-05,-0.220603262628783,0.156714279637051,0.377317542265835,0.00101845433110696,0.588548895499991,0.00123347805671367,0.562663672294422,0.000215023725606702,0.981693307284788,0.693525148353842,2.92189715194552e-05,0.502198712791001,0.538627634962369,"NA"
"Phenylazides",5,5.64450795522728e-05,1.18353978971513e-06,0,Inf,5.57566770910671,-Inf,-0.000178851974596977,0.971951620021297,0.0025490102856217,0.0174235380849657,0.00272786226021868,0.00808757371205115,5.30474301787546,0.000129322431251878,0.0064622132336488,0.0143836359071538,"Limu"
"Phenylcarbamic acid esters",31,0.00043114975621692,0.000139288359643409,0.00014059746714987,1.61661845963903,1.63011436761,0.0134959079709665,0.0034587383687305,0.475132354437813,0.00529656712894412,0.277492555364151,0.00183782876021363,0.848365951483553,1.31958416689099,0.000455403443678729,0.27185904148626,0.319743304475317,"NA"
"Phenylmethylamines",103,0.000563204499096469,0.000779079920264673,0.000864266669190902,-0.617817665318193,-0.468112472865605,0.149705192452587,0.0012531714833558,0.758125477806517,-0.00431025322498102,0.0947682558635334,-0.00556342470833681,0.0178122491277242,3.97228685340219,0.000486769757936048,0.0218755621428861,0.0377353446964786,"Coral"
"Phenylphosphines and derivatives",50,1.66446891336888e-05,0.00026821028059092,5.05259190946334e-05,-1.60196173418867,-4.01023070609722,-2.40826897190855,-0.00621566788549368,0.00261782195716398,-0.0104320613491203,9.58452297339374e-06,-0.00421639346362658,0.107461550723592,13.0215563648248,0.00169512069652316,9.41985042479195e-06,7.79963615172774e-05,"CCA"
"Phenylpropanes",9,1.08364459901394e-06,0.000179616327709956,1.50121354376638e-06,-0.470237535069534,-7.37288301535284,-6.9026454802833,-0.00430110888766971,0.0405081126166277,-0.00420351012657233,0.100843279419023,9.75987610973752e-05,0.998661937734724,3.6020360201394,0.000431537834259225,0.0308628412002078,0.0507032391146271,"CCA"
"Styrenes",103,0.000598106286292376,0.000817617782118136,0.000478847750737057,0.320834855757848,-0.451024692467351,-0.771859548225198,-0.0058686045060708,0.000576881152790754,-0.00384456565233324,0.0799985700229002,0.00202403885373756,0.471236521054476,7.57213394426907,0.000687139046286022,0.000866730062643855,0.00353346217616264,"CCA"
"Toluenes",44,0.000253248755015752,3.78542368144922e-05,0.00010291158930846,1.29914971732006,2.74202848947467,1.44287877215461,0.00208286642733707,0.549431142162505,0.0076319061015227,0.00381662491245716,0.00554903967418563,0.041320198239957,5.57631489341307,0.000868955190335441,0.00505839673269622,0.0132542800464319,"Limu"
"Naphthoquinones",6,0,1.29027332414684e-05,0,0,-Inf,-Inf,-0.00113816994140344,0.0435306959678211,-0.00113816994140344,0.0959224497061523,1.29200758887856e-18,1,3.57538855691505,3.07130296260772e-05,0.0316398010444295,0.0509146438863422,"CCA"
"Hydrophenanthrenes",97,0.000906413665364419,0.000726753250560252,0.000397114727776287,1.19061374480422,0.31870399268589,-0.871909752118328,-0.00565759735135472,0.054804047717273,0.00244852902681546,0.659424899037284,0.00810612637817018,0.0107795657315864,5.12500752297749,0.00117766841035325,0.00760443810834246,0.0155853335487811,"Limu"
"Anisoles",19,2.37511963717657e-05,1.28100275306445e-05,5.14327078822248e-07,5.5291702628702,0.890726609033182,-4.63844365383702,-0.00101146802595868,0.269718370184261,0.001591413122907,0.0938152476980044,0.00260288114886568,0.00182392555657818,6.22758657233046,0.000103572642752668,0.00282506257081166,0.0087281783904181,"Limu"
"1-hydroxy-2-unsubstituted benzenoids",79,0.00284661344392398,0.00114154859284731,0.00161270693983377,0.819762298896638,1.31825432274212,0.49849202384548,0.0078629392391287,0.396642656729351,0.0211039267014111,0.00921009207490331,0.0132409874622824,0.134502884574953,4.53168986261078,0.00648832324702288,0.0130632853153525,0.0239300890290085,"Limu"
"1-hydroxy-4-unsubstituted benzenoids",15,2.09436277429903e-05,5.06902313427257e-06,2.19517921737331e-05,-0.0678273683058944,2.04673170651761,2.11455907482351,0.00105131687128056,0.430452562870548,0.00155665362445984,0.25717833176205,0.000505336753179285,0.858424596222315,1.42524713067083,4.00657159068326e-05,0.245290565976542,0.290143698040823,"NA"
"4-alkoxyphenols",3,2.25154318401176e-05,0,0,Inf,Inf,0,8.56519716263549e-18,1,0.00162751334235891,0.0148238573744698,0.0016275133423589,0.012189978435476,5.11268154048431,4.87584873052296e-05,0.00768994257915837,0.0156060599400567,"Limu"
"Benzenediols",16,9.85382590543737e-05,4.0421652542263e-06,1.81429333974418e-05,2.44127624928,4.6074837735935,2.16620752431349,0.000875019251910544,0.730584573462485,0.00419298648105964,0.00668071139651993,0.00331796722914909,0.0346543010435673,5.14218032229666,0.000270862716814305,0.00748692548847918,0.0154979357611519,"Limu"
"Benzenetriols and derivatives",3,0,5.04647692175727e-06,0,0,-Inf,-Inf,-0.000547676421399444,0.164184540342651,-0.000547676421399444,0.260405386038401,-1.21972744404619e-19,1,2.02455378188752,7.11142318023256e-06,0.137430149987961,0.175605191651284,"NA"
"Methoxyphenols",10,7.65400053957207e-05,1.49213639744903e-05,0,Inf,2.35883458311592,-Inf,-0.0012018704668889,0.474180884518616,0.00207913896170651,0.195423485946356,0.00328100942859541,0.0161561163806228,3.95619357060481,0.000164413084443825,0.0222041940484899,0.0379856873391522,"Limu"
"P-quinodimethanes",22,0,1.65825952547123e-05,7.14298819296089e-05,-Inf,-Inf,2.10685792350896,0.00254425804911649,0.0828051359704826,-0.0017555730660127,0.407777507394196,-0.00429983111512919,0.00488335285048813,5.60246154738947,0.000305172171330554,0.00494082299157707,0.0131121840930315,"Coral"
"Tropolones",3,0,0,4.38549640667709e-06,-Inf,0,Inf,0.000539541711007911,0.166761742415486,1.12937726300573e-20,1,-0.000539541711007911,0.24705014179767,2.10528509507997,7.24089000761394e-06,0.127177824682352,0.164536310682793,"NA"
"Acetylenes",9,0,1.28532034467375e-05,0,0,-Inf,-Inf,-0.00172198248261826,0.00036447465793632,-0.00172198248261826,0.00247070800308002,-1.67147834924849e-19,1,9.60758963224185,7.03017107109185e-05,0.000152553505467146,0.000853475017072953,"CCA"
"Branched unsaturated hydrocarbons",9,0.000384053659170117,1.12748594472504e-05,0,Inf,5.09012654132432,-Inf,-0.000955980583619993,0.888225389342789,0.00631767257441556,0.0259475739962134,0.00727365315803555,0.00680653225121397,5.24459356486597,0.000875652520387315,0.00682356096606102,0.0145314420891289,"Limu"
"Olefins",14,0,8.79307731827605e-06,2.83625283124578e-05,-Inf,-Inf,1.68954608438937,0.00146455169296282,0.166444645848116,-0.000846942863447178,0.63635199253652,-0.00231149455641,0.0335686522801911,3.5882376812927,9.08341466866388e-05,0.0312626990385722,0.0509146438863422,"Coral"
"Eicosanoids",103,0.0148138070346928,0.0169603815798219,0.0116712601549293,0.343982111479814,-0.195226178630631,-0.539208290110446,-0.0252724247725838,0.000924401034963829,-0.00666593914584029,0.675346348379285,0.0186064856267435,0.0453669492563045,7.41883008802224,0.013407395208408,0.000990337542693891,0.00394230521803145,"CCALimu"
"Fatty acid esters",103,0.00679091389088988,0.00221229701691316,0.00693332030536529,-0.0299406726608173,1.61806064815187,1.64800132081268,0.0331740579039102,7.2239822435094e-07,0.0326742389404499,2.49893757691133e-05,-0.000499818963460325,0.997018574213576,18.3191542202442,0.0258105922645421,1.66485400715007e-07,2.2974985298671e-06,"CoralLimu"
"Fatty acids and conjugates",103,0.0366759183577583,0.0434809863452946,0.0672973277084681,-0.875716127232545,-0.245551576430524,0.63016455080202,0.0473245581096789,4.38645882441246e-05,-0.0170122236126471,0.340385688238686,-0.064336781722326,1.05569269748251e-06,18.0812595914009,0.0767931678433968,1.98207967788935e-07,2.56431558326935e-06,"Coral"
"Fatty acyl glycosides",87,0.00233411988881212,0.00238636786385479,0.000476570004361005,2.29211860967179,-0.0319377898231385,-2.32405639949492,-0.0250506120194461,0.000211191539890465,-0.0131542968548709,0.15241309246973,0.0118963151645752,0.197916780318598,8.57960313493838,0.012344626936643,0.000364065027338615,0.00174100464891421,"CCA"
"Fatty acyl thioesters",3,6.1317081304438e-05,0,0.000163787838252247,-1.41746730503713,Inf,Inf,0.00197703958982947,0.594333696593738,0.00218264784959893,0.625226863626228,0.000205608259769464,0.995609039743045,0.620989498040625,0.000100457275102061,0.539471752977142,0.569426491314201,"NA"
"Fatty alcohol esters",27,7.73236022673455e-06,3.79634784091099e-06,1.1076556093818e-05,-0.518528635605759,1.0262966642586,1.54482529986436,0.00127750251461545,0.0482264900218612,3.1954342418006e-05,0.998538081652818,-0.00124554817219745,0.10425150926783,3.55388377691013,3.98141338544951e-05,0.032281345614086,0.0514018349393523,"Coral"
"Fatty alcohols",103,0.00160347152433242,0.00174256146864502,0.00115804513436983,0.46950725061574,-0.120010814353746,-0.589518064969486,-0.00688169952972352,0.0244520530882714,-0.00105171874796046,0.934826577028003,0.00582998078176306,0.120924594113536,4.01462752124884,0.00105666811910796,0.0210344391732609,0.0365893185618907,"CCA"
"Fatty aldehydes",47,1.00275617977199e-05,2.32050811609348e-05,4.14762323715646e-05,-2.04831399100683,-1.21046988621419,0.837844104792636,0.00134200854886244,0.31626310447132,-0.000950972504558388,0.649181452158751,-0.00229298105342082,0.0773109992065283,2.58762630357504,8.6423490977084e-05,0.0802272325913275,0.10925682333161,"NA"
"Fatty amides",103,0.00552877637791895,0.00775715220881203,0.004788505516051,0.207384756586019,-0.488566889836345,-0.695951646422363,-0.018097487655598,1.53891964393971e-06,-0.01414631944026,0.00138421841921055,0.00395116821533806,0.558009327237899,15.2547373353402,0.00681947903471488,1.65157356462174e-06,1.7093786393835e-05,"CCA"
"Lineolic acids and derivatives",103,0.0042379858798453,0.0054232942811845,0.00289182765871473,0.551397204900279,-0.355790675695892,-0.907187880596171,-0.0175472030802996,0.00429885181817202,-0.00720871725071737,0.484361300580894,0.0103384858295823,0.212928603982069,5.3894427013953,0.00613949668274861,0.00598618921521644,0.0140749261897316,"CCA"
"Diradylglycerols",7,0,0,2.85597175171804e-05,-Inf,0,Inf,0.00211731849951466,0.0108574282759162,-3.56883215109812e-19,1,-0.00211731849951466,0.0285350021467675,5.51316958776679,0.00011151012042648,0.00535425422266988,0.0138541328011583,"Coral"
"Glycerol ethers",17,0.000513003980692505,1.40773238371909e-05,4.02482486057421e-06,6.99390020433464,5.18752501826114,-1.8063751860735,-0.000565362018837388,0.966930317213682,0.00947120693041563,0.00163683308028928,0.010036568949253,0.000576727057471582,8.56044376473061,0.00176400222415078,0.000370068621025243,0.00174100464891421,"Limu"
"Glycosylglycerols",87,0.00202133429014725,0.00394035978416946,0.00163993125402967,0.301672597409713,-0.963019428789951,-1.26469202619966,-0.0147474951230006,0.150486687029731,-0.0101176752395951,0.511294146287092,0.00462981988340549,0.862055389309805,1.80215898192067,0.00437365268432647,0.170257870180999,0.211038198368065,"NA"
"Monoradylglycerols",92,0.00160349668338067,0.000519353038039019,0.00130056870529575,0.302078755045688,1.62643389893942,1.32435514389373,0.0160811478489175,6.29705747345888e-06,0.0207469768996217,5.93498636680678e-07,0.00466582905070426,0.405636676152044,19.5017425586564,0.00782564829627436,7.05855081344183e-08,1.04365715598747e-06,"CoralLimu"
"Triradylcglycerols",21,0.000194218707489566,3.09637233998821e-05,4.18506969587463e-06,5.53628671132968,2.64903129871817,-2.88725541261151,-0.00159508503482375,0.533837564130306,0.00551054958806869,0.0054401394115865,0.00710563462289244,0.000166441231668535,9.11287727444821,0.000794300459682761,0.000231417008873377,0.00122829027786639,"Limu"
"Glycerophosphates",10,7.66307638992746e-06,1.05898978593429e-05,0,Inf,-0.466693081959274,-Inf,-0.00131056423093817,0.0269727987898575,-0.000368246110631092,0.80169409240139,0.000942318120307075,0.224892014729166,3.64362805296252,3.5772832164113e-05,0.0296888302760017,0.049964129001076,"CCA"
"Glycerophosphocholines",103,0.0183102299515976,0.00512813502782296,0.0512581549703455,-1.48513164043336,1.83614375467461,3.32127539510797,0.158824297327219,1.21446630529931e-10,0.0490796765345918,0.0142250726174266,-0.109744620792627,7.78053144134816e-09,60.486436804142,0.519215096003197,6.06808741199944e-18,6.28047047141943e-16,"CoralLimu"
"Glycerophosphoethanolamines",63,0.000810599669873582,9.01025102416655e-05,0.00262698758067094,-1.69634788706948,3.16935038286335,4.86569826993282,0.0402464096925061,1.22069465646746e-10,0.0106460956887203,0.135439611220697,-0.0296003140037858,8.80305981443286e-07,38.3906486945209,0.0339899162330268,4.24799657576531e-13,1.46555881863903e-11,"Coral"
"Glycerophosphoglycerols",3,1.15664972473646e-05,0,0,Inf,Inf,0,5.42101086242752e-19,1,0.00118579676994085,0.0127408206302219,0.00118579676994085,0.0104075167351247,5.30705057459686,2.58834184983075e-05,0.00644874597173863,0.0143836359071538,"Limu"
"Glycerophosphoserines",19,5.29163787950628e-05,1.17535812115812e-06,8.494551530875e-05,-0.682823444824126,5.49254203241191,6.17536547723604,0.00404089413547148,0.0123700231993379,0.00355104571035475,0.0764054572450118,-0.000489848425116732,0.948248064004778,4.70366177734901,0.000357422133500973,0.0111604139143437,0.021194547525405,"Coral"
"Diterpenoids",103,0.00876143620974637,0.00936912719119684,0.00865495213594644,0.017641540417563,-0.0967472740466071,-0.11438881446417,-0.00376510876206682,0.665953399729944,-0.00355792779514146,0.76401502913758,0.00020718096692536,0.999039337748397,0.430047471099611,0.000323435909504758,0.651675461553763,0.667806042285292,"NA"
"Monoterpenoids",79,0.000887206104634482,0.00132638780733218,0.000289292795539161,1.61673889707201,-0.580161452742717,-2.19690034981473,-0.0131937391425743,0.00948094683262923,-0.00216554234910139,0.905960232769921,0.011028196793473,0.0744985614251141,5.06720733816249,0.00385699612047273,0.00801396790532024,0.0160814374086268,"CCA"
"Quinone and hydroquinone lipids",10,6.92384927187136e-05,6.28476061409071e-05,0,Inf,0.139716524842303,-Inf,-0.00302342023942445,0.061553343735404,4.80608188213622e-05,0.999458594020768,0.00307148105824581,0.105389277441568,3.36322170231656,0.000230259628072684,0.0385831913604067,0.0582972307416364,"NA"
"Retinoids",32,2.44593929310738e-05,0.000114244004850625,4.48413778850057e-06,2.44748608235485,-2.22365795687185,-4.6711440392267,-0.00481093241283464,0.00194305831943298,-0.00276019257779404,0.198554457024104,0.0020507398350406,0.388712925150725,6.16436451868284,0.000456038745467105,0.00298853089165554,0.00875918636892989,"CCA"
"Sesquiterpenoids",92,0.00138750507790125,0.000738874398309999,0.000210502429466609,2.72058426231246,0.909092005599588,-1.81149225671287,-0.00874384120543113,0.0252373880078082,0.00983572290118655,0.0315653211634362,0.0185795641066177,8.62614084262692e-06,12.5150379521464,0.00536581458919712,1.41018229688862e-05,0.000108113976094794,"CCALimu"
"Sesterterpenoids",56,0.000267803548439078,0.000162085554748516,4.40839094838245e-05,2.60285099981682,0.724419554785398,-1.87843144503142,-0.00747078229385479,0.000222143771675953,0.000593793848866937,0.95704170157192,0.00806457614272173,0.000461489656395586,11.5012241628379,0.0014815878667591,3.19383296304369e-05,0.000227973594258636,"CCALimu"
"Terpene glycosides",87,0.000335976613956071,0.00153414881689028,0.00125144103042636,-1.89715758976861,-2.19100571409618,-0.293848124327575,-0.00588398625277156,0.419372376457106,-0.0196617198438274,0.00129154524631891,-0.0137777335910559,0.0282403201239395,6.69095941402949,0.00571293152854788,0.0018741738469836,0.00680621028641414,"CoralCCA"
"Terpene lactones",73,0.00234607856199896,0.00378806514202701,0.000281416810997522,3.05947090646432,-0.691209815533086,-3.75068072199741,-0.024606060144662,0.00657232136489483,0.000987881330706132,0.993608077581159,0.0255939414753681,0.0140776176483828,6.36743207027719,0.0155537755627479,0.00249509858788893,0.00803638507957776,"CCALimu"
"Tetraterpenoids",35,0.000296911435245867,9.98323267357709e-05,9.01787074876289e-06,5.04110201584027,1.57245370250331,-3.46864831333696,-0.00438998171286882,0.0301046434767948,0.00849668764516454,0.000117953812699412,0.0128866693580334,4.27168633798658e-09,22.3091806928838,0.00253836288779998,9.7460397820169e-09,2.0174302348775e-07,"CCALimu"
"Triterpenoids",29,7.14888877083587e-05,0.00182957830369646,0.000214266951054132,-1.58361843239683,-4.67764834673093,-3.0940299143341,-0.0090998671706297,0.290789444834387,-0.00789802795397775,0.499719161514316,0.00120183921665195,0.983132670285458,1.25999211091488,0.00180127544604368,0.288120039973637,0.3350609453626,"NA"
"Ceramides",5,0,0.00053049621232414,0.000139875853895122,-Inf,-Inf,-1.92319551211932,-0.00205777994967008,0.83092872767795,-0.00432639583401347,0.547504298145268,-0.00226861588434338,0.839623095156361,0.557239903130509,0.000275625802102394,0.574556052018595,0.597653782753011,"NA"
"Glycosphingolipids",41,0.000601163533067235,9.59580897735763e-06,0.0001280215697319,2.23137059380222,5.96920924859883,3.7378386547966,0.00695789125766884,0.0315214367390656,0.0106304867599169,0.00305056813097382,0.0036725955022481,0.460508713157358,6.33769588505837,0.00183668869852801,0.00256180554327828,0.00803638507957776,"CoralLimu"
"Androstane steroids",66,0.00226728140349114,0.000975799150734897,6.48369528217712e-05,5.12800336266233,1.21630732943782,-3.91169603322451,-0.014198760690057,0.0201583244351401,0.0157270127041501,0.0284159839714963,0.0299257733942071,5.34984877043065e-06,13.1203394811047,0.0139383219836751,8.71031613627138e-06,7.51264766753407e-05,"CCALimu"
"Bile acids, alcohols and derivatives",69,0.000909747325191201,0.000580717591444566,7.33525267543318e-05,3.63254733632237,0.647629166625741,-2.98491816969663,-0.00844468018700904,0.0601554374293516,0.00818667497942013,0.13847692175514,0.0166313551664292,0.000362618539099913,8.2341721347061,0.00436067796172466,0.000489333471917875,0.00211025059764583,"Limu"
"Cholestane steroids",46,0.000289689834612264,0.000114787473187677,3.16278656754605e-05,3.19524095275657,1.33554385187569,-1.85969710088088,-0.00293835639100714,0.283447303487702,0.00646888198307666,0.0130454312914612,0.0094072383740838,0.000115700341229319,9.29632583652262,0.00135709588811654,0.000198203359293466,0.00107968672036178,"Limu"
"Ergostane steroids",19,5.64807422078444e-06,4.35010405288747e-06,7.0917717838768e-05,-3.65031515830669,0.376709136938086,4.02702429524478,0.0040274285468873,0.00112392868539801,5.91573888587872e-05,0.998813946235876,-0.00396827115802852,0.00539120105947732,8.42647932793939,0.000398858464481365,0.000414967754915931,0.00189698238704046,"Coral"
"Estrane steroids",93,0.00234253436209665,0.00295559857436409,0.000459143592590567,2.35105289276125,-0.335380127184729,-2.68643301994598,-0.0205725660807174,0.00436204437171495,0.00534195373330961,0.747874658704011,0.025914519814027,0.00136530934290613,8.40808784944245,0.0132036444596979,0.000421551641564547,0.00189698238704046,"CCALimu"
"Hydroxysteroids",22,3.1176431078112e-05,0.000122998188568853,8.02144144508741e-06,1.95852236901591,-1.9801093786307,-3.93863174764661,-0.00506702094384779,0.0021888559154114,-0.00346574326807645,0.107340786738052,0.00160127767577134,0.599472014218349,6.15843142858239,0.000516011562089471,0.00300435860963296,0.00875918636892989,"CCA"
"Oxosteroids",62,0.000646759807930574,0.00115916840688227,5.99776814200021e-05,3.43073236955301,-0.841788247658324,-4.27252061721134,-0.0155098339985603,0.000979073073517633,0.00032633941705653,0.997514153628593,0.0158361734156169,0.00335408610102772,8.85919950951375,0.00608454006399865,0.000286934420326668,0.00148488562519051,"CCALimu"
"Pregnane steroids",32,0.000216477640052152,2.04666348654664e-05,0.00015952326817181,0.440451145047333,3.40287219854145,2.96242105349412,0.00367800923387328,0.210377025865833,0.00735584505311752,0.0117952462857718,0.00367783581924424,0.29644885402459,4.35843187524442,0.000802962368330187,0.0153163128343295,0.027569363101793,"Limu"
"Steroid acids",73,0.000379276599088011,0.000428842140182355,0.00266354725986761,-2.81202661222718,-0.177196317399876,2.6348302948273,0.0197752038971585,0.00699804192658382,0.00359930190430033,0.878255435233647,-0.0161759019928582,0.0701201615922501,5.36120366370675,0.00857244955135536,0.00614078677207466,0.0141238095757717,"Coral"
"Steroid esters",74,0.000508464316684175,0.00106224281301042,0.000245309736887071,1.05154203251636,-1.06289514618266,-2.11443717869903,-0.00467226584492606,0.555624174527792,0.00225839573517967,0.902763817833135,0.00693066158010574,0.368505633973221,1.05532094441029,0.000843411459380456,0.351924649437126,0.400265947436731,"NA"
"Steroid lactones",31,0.000232489259665991,4.82410064445219e-05,2.30492498421381e-06,6.65630046152514,2.26883215802143,-4.38746830350371,-0.0022561051424236,0.270574994834032,0.00846101279953437,6.91369487437754e-06,0.010717117941958,9.48879441686756e-09,21.9173566941049,0.00181802082605733,1.27883462232834e-08,2.40653424383606e-07,"Limu"
"Vitamin D and derivatives",5,3.68788960601161e-05,1.9902135974832e-07,0,Inf,7.53372838554556,-Inf,-7.33414539813062e-05,0.992551471933133,0.00208871939532716,0.0144346378635898,0.00216206084930847,0.00879715864568476,5.34751316305605,8.34406111387755e-05,0.00621719666552254,0.0141424143930018,"Limu"
"Cyclopentyl nucleosides",8,5.41335761660581e-06,1.9864627078676e-06,2.55780078860059e-06,1.08161979241813,1.44632198858238,0.364702196164249,0.000256982269118766,0.777933837229354,0.000548642664121844,0.431635038878535,0.000291660395003078,0.777915335740537,0.778261333964859,4.42396200458977e-06,0.461964812766898,0.503298506540779,"NA"
"Purine 2'-deoxyribonucleosides",87,0.000175375754696614,0.000263778696190691,0.000621861385543166,-1.82614372363564,-0.588878739319322,1.23726498431632,0.00746688208351159,0.0169006794725413,-0.0026236773306898,0.67580101858584,-0.0100905594142014,0.00345759293652947,6.76404006215342,0.00189697942197379,0.00175725716321136,0.00661367695972276,"Coral"
"Purine 3'-deoxyribonucleosides",92,0.000891251878315248,0.000316807625764497,0.00203189276402535,-1.18891914672093,1.49222614960423,2.68114529632516,0.0221340328126789,3.94627004984827e-06,0.00691286912184753,0.353689644595945,-0.0152211636908314,0.006649308705867,13.8426269303127,0.0100708870875645,4.93131546831114e-06,4.43818392148003e-05,"Coral"
"Pyrimidine 2'-deoxyribonucleosides",22,1.4898046868594e-05,3.13478845598203e-05,0.000146004892393507,-3.29282160122622,-1.0732448833319,2.21957671789432,0.00413310699721453,0.0454821303648151,-0.00144823192826022,0.746996038379273,-0.00558133892547476,0.0134903683208125,5.05149618537709,0.000580673240137855,0.00812912650876106,0.0160814374086268,"Coral"
"Organic nitro compounds",64,0.000601768266201981,0.000191655820455107,6.51638879472051e-05,3.20706344053654,1.65069021677934,-1.55637322375721,-0.00494159386287823,0.121501069931743,0.0075354635823899,0.0285082788882265,0.0124770574452681,7.59345645612308e-05,9.75532270365076,0.00238149067641139,0.000134793953463273,0.000775065232413818,"Limu"
"Carboximidic acids",66,0.000411127972888418,0.00370976327537077,0.000936418333550668,-1.18756564504948,-3.17366768919403,-1.98610204414455,-0.0196329170887116,0.0476728311657046,-0.0190243397538348,0.117585778232686,0.00060857733487683,0.997636266879989,3.39191020911727,0.00893936605389979,0.0375601458129593,0.0575922235798709,"CCA"
"Acrylic acids and derivatives",30,7.74645836259437e-05,2.04929776110024e-05,1.27472172526599e-06,5.9252826261575,1.91840724716758,-4.00687537898991,-0.00205403248243628,0.0588574100928251,0.00390400769645127,0.000778478531656135,0.00595804017888755,1.4479505527909e-07,17.452830754609,0.000542455191406877,3.15131058193272e-07,3.62400716922263e-06,"Limu"
"Alpha-imino acid and derivatives",9,0,5.94628081006641e-05,0,0,-Inf,-Inf,-0.00337085235176432,0.00172946418764197,-0.00337085235176432,0.00821075472961696,-3.01769604675132e-18,1,7.56705318204021,0.00026939398543688,0.000870563144851664,0.00353346217616264,"CCA"
"Amino acids, peptides, and analogues",103,0.0237772917320384,0.0227812334115188,0.0352861657893586,-0.5695182753553,0.0617385404659617,0.631256815821262,0.0322761227346793,0.0594025520159879,0.0039160438532006,0.968552185805789,-0.0283600788814787,0.17944326999106,3.08042285923793,0.0237206097765836,0.0503247375398106,0.0733607089488788,"NA"
"Carboxylic acid derivatives",103,0.0133535988874175,0.0177335406701984,0.0119879528403864,0.155643297093007,-0.409252002168452,-0.564895299261459,-0.0126094247247673,0.460293717366246,-0.0069214581187462,0.839917545792508,0.00568796660602114,0.883654070448178,0.711449414683053,0.00312849602787598,0.493399879220006,0.531946744784069,"NA"
"Carboxylic acids",34,0.000102234302160356,0.000140740895180735,5.53945689753414e-06,4.20599098976365,-0.461162256701878,-4.66715324646553,-0.00633413265879768,0.000509264454092162,-0.00131908775287728,0.764873446196561,0.0050150449059204,0.0208284265698907,8.34644003005036,0.000866460152752136,0.000444408203376489,0.00195728719359433,"CCALimu"
"Dicarboxylic acids and derivatives",79,0.00061964609036594,0.00149577925824772,0.0012237495436933,-0.981791958457264,-1.2713809197351,-0.289588961277838,0.00182957600457049,0.948202630088351,-0.00418653369398814,0.814108264442421,-0.00601610969855863,0.641404778344673,0.407466349522393,0.000555814922521267,0.666433428453049,0.679565121624538,"NA"
"Tetracarboxylic acids and derivatives",52,0.000814371223968453,0.000153252467407162,8.46415963604771e-05,3.26624784189752,2.40977628239483,-0.856471559502682,-0.00365579317991773,0.409443745026426,0.0118039985766271,0.00165445109914941,0.0154597917565449,1.85262198347802e-05,11.6696038632636,0.00374189388503729,2.78575090503912e-05,0.000205946584765392,"Limu"
"Tricarboxylic acids and derivatives",63,0.00185249458865249,0.00229106225724411,4.12394297281136e-05,5.48930113523527,-0.306547334658008,-5.79584846989328,-0.0364392033612335,8.27608648279465e-10,-0.00853752920390798,0.334122877027127,0.0279016741573255,1.97151835148457e-05,26.9017297440338,0.0282804135082934,4.48430138955845e-10,1.16031298454825e-08,"CCALimu"
"Beta hydroxy acids and derivatives",96,0.00138109817787635,0.000881777163536318,0.000712985464420968,0.953871309872386,0.647329860533919,-0.306541449338467,-0.00258308838760631,0.67730592970402,0.00587035055081483,0.230536074516306,0.00845343893842113,0.0440746016616149,2.96968448931178,0.00109711186270675,0.0558638563225033,0.0803042934635984,"Limu"
"Medium-chain hydroxy acids and derivatives",49,5.54247101585998e-05,4.79407866510757e-05,6.11818986384695e-05,-0.142575557694948,0.209275738509262,0.35185129620421,0.000718537666148416,0.855601994287701,0.00196837173227999,0.424125475150882,0.00124983406613158,0.694003767690143,0.788239500112489,5.64801082212533e-05,0.457448566943309,0.501015097128386,"NA"
"Gamma-keto acids and derivatives",35,4.97806948087636e-05,2.28015741133842e-05,1.95440249785205e-06,4.67078684903373,1.12645294201731,-3.54433390701642,-0.00189836844123828,0.0464943987389155,0.00287109796029531,0.00634773042120029,0.0047694664015336,1.79411537004626e-06,14.2462730106043,0.000348058897040811,3.59834891517399e-06,3.40862804105174e-05,"CCALimu"
"Medium-chain keto acids and derivatives",53,0.000324040053004236,9.46707744741697e-05,9.72667936560967e-05,1.73615288251388,1.77518111904739,0.0390282365335071,-0.000640279764148904,0.947104532533278,0.00659169466568637,0.0176170908398348,0.00723197442983528,0.00650948247911032,5.45961081753055,0.000892630390673794,0.00561900392107352,0.0139013505742057,"Limu"
"Ureas",58,0.000340248059139387,0.000436040224308298,0.00030463758857891,0.159492968400658,-0.3578742961704,-0.517367264571058,-0.00159067329164462,0.884548930646803,-0.000153581766889914,0.999152591970716,0.0014370915247547,0.92515681610887,0.131188769715371,5.8589269952168e-05,0.877202892312172,0.877202892312172,"NA"
"Bisphosphonates",56,0.000587227681717912,0.00127086749664233,0.00261069045139406,-2.1524395249093,-1.11382173665773,1.03861778825158,0.00799240397813352,0.534025239441413,-0.0073102446879253,0.677291875503362,-0.0153026486660588,0.172380180980427,1.69720526980919,0.00371617553740441,0.188428642636542,0.229439582504495,"NA"
"Organic phosphonic acids",103,0.0530266810538639,0.0672522258481163,0.0658074301356541,-0.311532031025804,-0.342863564508917,-0.0313315334831125,0.0040033186700949,0.95794410842911,-0.0247249807465611,0.303077946142015,-0.028728299416656,0.186437622728428,1.68061854444399,0.0135891193518908,0.191476319553673,0.231787123670236,"NA"
"Phosphonic acid diesters",15,0.000176900513795573,0.000145358378740541,0,Inf,0.283324004616778,-Inf,-0.00454669372504944,0.0614318400791658,0.00230640987032146,0.578263923242604,0.0068531035953709,0.00829205423205692,5.28302779694552,0.000817373157999378,0.0065903605038851,0.0145128151521725,"Limu"
"Organic phosphoramides",21,0.00036666504230202,0.000761572669847903,0.000418810801611429,-0.191835924870338,-1.05451897970782,-0.862683054837487,-0.00634051736020725,0.387544181495052,-0.00417553437132099,0.735697444777291,0.00216498298888626,0.916828727112825,0.884138092360204,0.000802729740940923,0.416273810712994,0.458344036263775,"NA"
"Phosphate esters",103,0.00513136208705717,0.00370392136470379,0.00466391173569246,0.137801344923966,0.470288360685492,0.332487015761527,0.00747302471125012,0.0841537394606862,0.00954774848681277,0.0512949360398193,0.00207472377556264,0.858218167650394,3.53118181168842,0.00167061542159269,0.0329730138370317,0.0521023959104242,"NA"
"Organosulfonic acids and derivatives",103,0.0145708184835886,0.00961804679735128,0.00777938721700688,0.905353496301835,0.599266069002582,-0.306087427299253,-0.00431541369793435,0.822391696661005,0.0285346082053414,0.0028359243915157,0.0328500219032757,0.000355152861388097,8.66999223997519,0.0178614324960117,0.000337053373370312,0.00170170849482084,"Limu"
"Sulfuric acid esters",3,0,3.31215979491788e-06,0,0,-Inf,-Inf,-0.000490777355247894,0.10758529026374,-0.000490777355247894,0.189638733644991,-3.13966879115594e-19,1,2.51255036676393,5.71054379747277e-06,0.0861677319886965,0.115822860530261,"NA"
"Thiophosphoric acid esters",5,0,0.000243583752207239,0,0,-Inf,-Inf,-0.00479435526851714,0.0534064003388861,-0.00479435526851714,0.111931004961076,1.02999206386123e-18,1,3.3330385850893,0.000544965313012923,0.0396902493552306,0.0595353740328458,"NA"
"Depsipeptides",10,0,1.95277685537677e-06,1.49304273034677e-05,-Inf,-Inf,2.9346564490837,0.00145303368771084,0.0232511165182185,-0.000229736858186681,0.929458402133938,-0.00168277054589752,0.0200556428356735,5.18795759822082,6.00214479227889e-05,0.00718264032589814,0.0150182479541507,"Coral"
"Hybrid peptides",66,0.000958618905298189,0.000334463920515523,0.000571568199005041,0.746031742401138,1.5191068001598,0.773075057758657,0.00375975827294515,0.679128793870188,0.00550379818636791,0.542408471633346,0.00174403991342276,0.937129078232639,0.63972692318721,0.000504195415198015,0.529581083186127,0.565068475358393,"NA"
"Amines",103,0.00694360602279559,0.0052148503727226,0.005277734229893,0.395766389305869,0.413059233450791,0.0172928441449223,0.00026664817479502,0.99834716834619,0.00449769534713895,0.707064399382398,0.00423104717234393,0.724745268801554,0.376144727048879,0.000350670403184572,0.687470104649409,0.697579959129547,"NA"
"Cyclohexylamines",5,0,2.36704281974803e-05,1.03502159643848e-05,-Inf,-Inf,-1.19342493376305,0.000107568215079049,0.990032644230996,-0.000799955094350382,0.665153959335042,-0.000907523309429431,0.577253590975099,0.548956059385429,1.37516966653396e-05,0.579282848244225,0.599557747932773,"NA"
"Guanidines",75,5.78460911258959e-05,0.000271394092589727,0.000442433858029041,-2.93517041506763,-2.2300979385834,0.70507247648423,0.00588962984781208,0.0731201647960891,-0.0041993724185431,0.36574245502065,-0.0100890022663552,0.00327714663739875,6.02251457997961,0.00167152094292286,0.00339133195065169,0.00948656369979595,"Coral"
"Imines",7,0,3.4041755200933e-05,0,0,-Inf,-Inf,-0.00232978314050553,0.00559756818779189,-0.00232978314050553,0.0201928140147709,-2.93186337476289e-18,1,6.07693633774003,0.000128688408878796,0.00323062300442066,0.0092880411377094,"CCA"
"Isocyanates",15,0,0.000459051195767429,0.000220931939056474,-Inf,-Inf,-1.05505306225727,-0.0067901043041408,0.0976772930219296,-0.0112032918521795,0.0105686112154444,-0.00441318754803868,0.458794470912603,4.72647575653161,0.00196831276914663,0.0109301503693605,0.0209494548746076,"CCA"
"N-arylamides",38,0.000124542244853096,0.000135091239547954,0.000253745445546867,-1.02674673883405,-0.117298932319334,0.909447806514717,0.00242694421318835,0.615908996337672,-0.00273688579196092,0.633619495697365,-0.00516383000514926,0.187133199205261,1.58266052463414,0.000414400144052973,0.210529664434249,0.253370003127265,"NA"
"Organic nitroso compounds",3,1.03996503113378e-05,0,0,Inf,Inf,0,3.79470760369927e-19,1,0.00113091018892285,0.0120628625067768,0.00113091018892285,0.00983010779628235,5.37741620319092,2.35427581927808e-05,0.00605153831345946,0.0140749261897316,"Limu"
"Oxime carbamates",28,3.65032571900892e-05,1.21252494519322e-05,2.11540010000871e-05,0.787094645712202,1.59001077351873,0.802916127806532,0.000747903832585562,0.705738569095991,0.00169645498220261,0.269938291800728,0.000948551149617045,0.647439042547039,1.21392924066614,4.20565143835821e-05,0.301366768821605,0.348507939363532,"NA"
"Oximes",72,8.12118187588183e-05,8.21189182118844e-05,5.76217739327115e-05,0.495075622438943,-0.0160249241753859,-0.511100546614329,-0.00106215499176242,0.648180414746942,0.00044245711988173,0.945565092721049,0.00150461211164415,0.510026424653455,0.728429784313816,4.08639991687852e-05,0.485209431782552,0.52585524805753,"NA"
"Quaternary ammonium salts",101,0.0051623281402862,0.00412749563934057,0.00584462753908142,-0.179089240585729,0.322755157444015,0.501844398029743,0.0179821268406089,0.0889775163593212,0.000671217876980844,0.997424792843648,-0.0173109089636281,0.172649468209381,2.78659957170931,0.00781516100766537,0.0664226043082116,0.0922783831664417,"NA"
"Sulfonylureas",17,2.62242025392308e-05,9.57806547010269e-06,0,Inf,1.45309269991412,-Inf,-0.00151368273436521,0.0507621247127672,0.000513178495964159,0.768677564050446,0.00202686123032937,0.0167597421690869,4.81232585368459,7.70433820153573e-05,0.0101062182266719,0.0195512819899166,"Limu"
"Alcohols and polyols",99,0.000618783589140323,0.00117987140226114,0.000393627788103512,0.652602864201013,-0.931122784018284,-1.5837256482193,-0.0110124182724969,0.00135576366770995,-0.00713899188111519,0.113438926470973,0.00387342639138172,0.503573772320586,6.62215650007216,0.00241591608857516,0.00199149824020666,0.00687066892871297,"CCA"
"Carbohydrates and carbohydrate conjugates",103,0.00389915311357422,0.00417145649964714,0.00303975324730898,0.359206590890132,-0.0973903927206439,-0.456596983610776,-0.00934881364407778,0.0469793392311715,-0.00221823180520162,0.875826241856428,0.00713058183887616,0.243587393750618,3.12582151702907,0.00185865535282019,0.048218897167573,0.0707894447779264,"CCA"
"Carbonyl compounds",103,0.00494010310610486,0.0100551641303613,0.00319089638085966,0.63057939275023,-1.0253235728555,-1.65590296560573,-0.0353779866187465,4.63853793639668e-05,-0.0199704349328911,0.0752318397600785,0.0154075516858554,0.194647057762829,10.3185096957196,0.0246449691801735,8.43276655972882e-05,0.000528964447837535,"CCA"
"Enediols",9,1.48544539310045e-05,4.90491585463899e-05,0,Inf,-1.72333281596652,-Inf,-0.00291512801602551,0.00884686661033096,-0.0018338105206814,0.235394257071369,0.00108131749534411,0.586078941396621,4.61017827929511,0.000168647277421699,0.0121568343905339,0.0224885115930884,"CCA"
"Ethers",103,0.00304673698507078,0.00031329910812673,0.000234327987051665,3.70066378378114,3.28165239432696,-0.419011389454177,-0.0016272629288859,0.955463501860658,0.00724854765302373,0.515154131873113,0.00887581058190963,0.354149892135867,1.00318319803343,0.00126390313764431,0.370370267853479,0.414414299706325,"NA"
"Ortho esters",19,1.85365128791918e-06,1.13333755944019e-05,7.07905760277639e-05,-5.25511554246728,-2.61213585300388,2.6429796894634,0.00331022972526065,0.0129085320762456,-0.000817384134665635,0.812565523954359,-0.00412761385992628,0.005551921147118,6.5568541775347,0.000337814798654981,0.00210978386537051,0.00715943049396223,"Coral"
"Ynols",31,3.67289407238001e-05,1.59230799844243e-05,7.15208394417786e-05,-0.961446380753952,1.20579786697108,2.16724424772503,0.00280485642740478,0.0746750481506698,0.000374360458040042,0.96519746466643,-0.00243049596936474,0.21556744559948,2.79972303869092,0.000177715318401709,0.0656021381673575,0.0919621615855822,"NA"
"Acyl chlorides",3,1.54270945870547e-05,0,0,Inf,Inf,0,-3.79470760369927e-19,1,0.0013808177883572,0.0117816530967014,0.0013808177883572,0.00959102696560743,5.40780045147723,3.50973118617901e-05,0.00588782252790574,0.014008957049155,"Limu"
"Imidazoles",58,0.000326615600205862,0.00171047029248713,3.91812141342189e-05,3.05935969111836,-2.3887274421532,-5.44808713327156,-0.0199745020143191,0.000325087783522471,-0.00989802634741764,0.204417882516934,0.0100764756669014,0.178525370479653,8.10797475206319,0.00785788235154742,0.000545397645754489,0.00230402678920774,"CCA"
"Pyrazoles",13,7.64841551003399e-06,5.25464393900085e-05,0,Inf,-2.78036020191812,-Inf,-0.00339636974518107,0.00113564815806366,-0.00259805205956825,0.0459045821507381,0.000798317685612827,0.728399334617013,7.07231885008712,0.000238467932300854,0.00134036877340521,0.00523502520933732,"CCA"
"Tetrazoles",100,0.00091207328055005,0.000661877985629157,0.000328929991710118,1.47136918386553,0.462584455521468,-1.00878472834406,-0.00658498169233557,0.0504467401302162,-0.00014516038698021,0.998881865587864,0.00643982130535536,0.106432018380318,3.50698615003363,0.00106025537204594,0.0337268470768465,0.0528898283705093,"NA"
"Thiadiazoles",7,1.62299931680673e-05,2.74941708465165e-06,0,Inf,2.5614647081954,-Inf,-0.00053043177252164,0.497078984763488,0.00089159982329908,0.235353275422186,0.00142203159582072,0.0236700907580766,3.57235805686727,3.08883222382795e-05,0.0317294157552567,0.0509146438863422,"Limu"
"Thiazoles",17,4.78545767293549e-05,4.52164903596807e-07,7.29623117422493e-05,-0.608494532482468,6.72566408147779,7.33415861396026,0.00413315973460682,0.0059779947748857,0.00188405413356746,0.434446329164143,-0.00224910560103935,0.289526634759794,5.00053429436728,0.000337845033671213,0.00851441465523946,0.0166272059776846,"Coral"
"Triazoles",50,0.0017069109137926,0.000145038653315279,8.496191425997e-05,4.32842768213245,3.55687842400275,-0.771549258129695,-0.00100805097555906,0.971712640059218,0.0093890709519834,0.165630296701833,0.0103971219275425,0.100503289791559,2.38767621298563,0.00183325631900845,0.0970607145441844,0.129623018778362,"NA"
"Imidazolidines",82,0.0313887264296863,0.00535549743142119,0.00147886187032808,4.40768728175979,2.55115400672864,-1.85653327503115,-0.0372691021884746,0.0269472655301055,0.0765783777317651,3.16058609735048e-05,0.11384747992024,7.84232456751965e-10,24.9901287043922,0.198358010199685,1.5786842207148e-09,3.63097370764404e-08,"CCALimu"
"Thiadiazolines",9,2.01052372709229e-05,0.000132224247460079,0.000140317821148721,-2.80305498369753,-2.71734349721808,0.0857114864794553,-0.0008073585022496,0.933799606987688,-0.00294839162643472,0.511509348942188,-0.00214103312418512,0.689069635257685,0.628647988282781,0.000129641078186568,0.535406599586656,0.568354698022758,"NA"
"Dibenzofurans",20,0,2.25268454159955e-07,3.95305243677173e-05,-Inf,-Inf,7.45517798470284,0.0039539739600208,6.00443152531938e-07,-7.80279021522762e-05,0.995055081769179,-0.00403200186217307,6.73693776387374e-06,20.0385429193915,0.000395025223743072,4.80446566734759e-08,7.65018763954577e-07,"Coral"
"1-benzopyrans",29,3.19728039080639e-06,3.5285477945594e-05,3.69719383883341e-05,-3.53151350972922,-3.4641573772696,0.0673561324596147,-0.000620348629228764,0.815097329748474,-0.00331923024152209,0.0164249985182683,-0.00269888161229332,0.0552269571038242,4.22663291424987,0.000172073943884896,0.0172929179987516,0.0305951626131758,"CCA"
"Benzodiazines",36,5.21251324516445e-05,0.000240206854382692,0,Inf,-2.20422626980574,-Inf,-0.00864392137681778,2.50005946085263e-05,-0.00317846151829431,0.302078734798122,0.00546545985852347,0.027450414677388,11.3075297387347,0.00150671989732756,3.73946388385761e-05,0.000254016731164073,"CCALimu"
"Piperazines",66,0.0013950662558161,0.000957233026907289,0.00112309856235352,0.312849098315329,0.543391562133916,0.230542463818587,0.00444315620904888,0.721588669273498,0.0127986488317034,0.140954004217471,0.00835549262265447,0.411069177039892,1.83203755861659,0.00239330563937676,0.165419283343758,0.207526010013079,"NA"
"Pyrazines",36,0.000156349077234633,2.15070426997223e-05,4.12871646549768e-05,1.9210054528365,2.86188963711682,0.940884184280326,4.70656560810443e-05,0.999370065658278,0.00651171931815043,0.000325881706172648,0.00646465366206938,0.000254437550067044,10.1586449608301,0.000774591583481003,9.62937154061241e-05,0.000586258796737285,"Limu"
"Pyridazines and derivatives",12,3.37769841221732e-05,1.84959710704173e-05,0,Inf,0.868829472169385,-Inf,-0.00159472442365874,0.11005701486281,0.0012070164705476,0.386091231200148,0.00280174089420634,0.00615589388158411,5.26765756395175,0.000127750642116981,0.00668262842915665,0.0145314420891289,"Limu"
"Pyrimidines and pyrimidine derivatives",103,0.0192507765072238,0.00819303991687264,0.012265059249612,0.650362436888384,1.23244589128898,0.582083454400595,0.0208863698012984,3.30027530592858e-06,0.0484550840393984,1.21451626533542e-10,0.0275687142381,8.08441704691631e-08,53.7637882001854,0.0342617751092236,1.40026195457591e-16,9.66180748657377e-15,"CoralLimu"
"Furanones",21,4.74945052970219e-06,7.96193136884817e-05,6.79998362391897e-07,2.80415743866956,-4.06728591469051,-6.87144335336006,-0.00390367307261861,0.00196634221276704,-0.0029303336180508,0.0658123906775652,0.00097333945456781,0.722233310558573,6.41715982832398,0.000313213389954759,0.00238747739482849,0.0078445685830079,"CCA"
"1,4-dioxanes",3,0.000213343454709674,2.49424615173506e-06,0,Inf,6.41843019106283,-Inf,-0.000259642315525998,0.985271443363518,0.00322811817553475,0.190246300530101,0.00348776049106075,0.132348093963669,2.13046410752841,0.000209904600838135,0.124142545890073,0.161619540875755,"NA"
"1,3-dioxepanes",3,0,3.41205429690379e-06,0,0,-Inf,-Inf,-0.000523441437237924,0.0842468506835181,-0.000523441437237925,0.157793582247628,-1.44560289664734e-19,1,2.79733401467474,6.49597933133624e-06,0.0657507242254404,0.0919621615855822,"NA"
"Imidazo-[4,5-c]pyridines",12,2.31314849331794e-05,0.000377990672203007,9.71589173519267e-06,1.25143956409088,-4.03042084470185,-5.28186040879273,-0.00582573233424406,0.0701930508090131,-0.00493315716524774,0.238543447363455,0.000892575168996327,0.951066631258292,2.73042534184922,0.000729659392927316,0.0700545731230256,0.0960350770626907,"NA"
"Purines and purine derivatives",103,0.00434303835492515,0.00220585456150149,0.00164378875731503,1.40167978307845,0.977367020879033,-0.424312762199415,-0.00617812610738983,0.417338407388189,0.0120543441104191,0.0897288467959657,0.0182324702178089,0.00388007128043777,5.42916065956108,0.00508184621920538,0.00577544033517727,0.0139013505742057,"Limu"
"Carbazoles",9,1.23520420931645e-05,0,3.25332464766523e-05,-1.39716522126205,Inf,Inf,0.00204796852631861,0.0494511782331549,0.00120420074346152,0.452588826034105,-0.000843767782857091,0.663313972219284,2.84937424507385,8.27483106801572e-05,0.0625904022974057,0.0893531950038826,"Coral"
"Indolecarboxylic acids and derivatives",10,1.96409827033974e-05,9.90165207657722e-06,0,Inf,0.988125952262604,-Inf,-0.00124852376889468,0.100835247604651,0.000410302119395061,0.82801497395311,0.00165882588828974,0.0445907555616272,3.6340757349676,5.18990587894819e-05,0.0299543686963406,0.0500044703237299,"Limu"
"Indoles",58,0.000332337806999402,9.60536237923018e-05,0.000217567935211672,0.611184474101895,1.79073847619709,1.17955400209519,0.000986485201778332,0.897925077036139,0.00887184654133431,0.0025800085623523,0.00788536133955598,0.00672967649795009,6.65011703583979,0.0013017748903197,0.00194294114567472,0.00681675961279097,"Limu"
"Indolyl carboxylic acids and derivatives",13,2.73090765286966e-05,4.19191815198876e-06,0.000108509657848686,-1.9903710202247,2.70369807604532,4.69406909627002,0.00461850208218571,0.00640057709112585,0.00117105609857645,0.773897289483176,-0.00344744598360926,0.103594165801384,5.25789804233164,0.00044995567091246,0.0067418980272731,0.0145314420891289,"Coral"
"Pyridoindoles",3,0,6.98668557768703e-06,5.55140398776389e-06,-Inf,-Inf,-0.33175553104092,-0.000247539096006749,0.868992129111569,-0.000611113791765374,0.533077754046308,-0.000363574695758626,0.790661535485942,0.575645905449111,5.43785320006931e-06,0.564193817091555,0.589838990595716,"NA"
"Isobenzofuranones",13,2.41886966767865e-05,0.000438983544076112,0,Inf,-4.18176191733965,-Inf,-0.00875143453864014,0.00395576603927872,-0.00706312615018812,0.0629220809297236,0.00168830838845202,0.842175822142519,5.78739769539507,0.00161350147254848,0.00418499598280276,0.011398607479476,"CCA"
"Isoindoles",99,0.00278548060274712,0.0004252377613475,0.00250460869194934,0.153341048261289,2.71158464974847,2.55824360148718,0.0260614662399957,1.41952934339384e-05,0.0296447733729695,2.15834956978078e-05,0.00358330713297374,0.827898130108796,15.7188184292736,0.0179495652840526,1.15881174463903e-06,1.26249490073831e-05,"CoralLimu"
"Gamma butyrolactones",103,0.00036083046740266,0.000643999100932691,0.00031379989044581,0.201476311788969,-0.835737513819522,-1.03721382560849,-0.005577232293118,0.00188286261876069,-0.0045745649490108,0.0387751977356474,0.0010026673441072,0.842983932517011,6.66987388490675,0.00065955556300009,0.0019093603924533,0.0068144414006523,"CCA"
"Morpholines",103,0.000407952363993882,0.000387630233764148,0.000251235858674949,0.69935830709248,0.0737196004569801,-0.6256387066355,-0.00365624564477976,0.0148076191558469,-0.000531338804582154,0.932738049920718,0.00312490684019761,0.0866423319108399,4.60920278851375,0.000299688752870721,0.0121676970938449,0.0224885115930884,"CCA"
"N-acylpiperidines",3,0,0,1.68755125858447e-05,-Inf,0,Inf,0.00105243852595272,0.170322829945268,1.91994134710975e-19,1,-0.00105243852595272,0.251179629424453,2.07985346086481,2.75508737090312e-05,0.130320440202366,0.167554851688756,"NA"
"Piperidinecarboxylic acids and derivatives",36,2.90194251612816e-05,7.77888487992852e-05,2.9597365908832e-05,-0.0284498436418261,-1.42254441486741,-1.39409457122558,-0.00229316775978581,0.206162357352627,-0.00159797575073665,0.562522644781576,0.000695192009049161,0.89139314528048,1.50092046811969,0.000106083327678018,0.22790332286794,0.272693571292853,"NA"
"Pterins and derivatives",6,0.000178869992038797,3.38114220622241e-06,0,Inf,5.72525686975573,-Inf,-0.000302301228498349,0.974188606788388,0.00481507882931013,0.00990017927376341,0.00511738005780848,0.00445990966491416,6.03846949505947,0.00045754717562946,0.00334338926498826,0.00948056955962425,"Limu"
"Pyranones and derivatives",10,1.40657023594588e-06,0.000114530249017773,1.56887118703232e-07,3.1643827851898,-6.3474032798146,-9.5117860650044,-0.00417242068608508,0.00750749540797724,-0.00390912343667629,0.0388797617370529,0.000263297249408791,0.983979295488954,5.46660620224855,0.000395081157286714,0.00558368006938336,0.0139013505742057,"CCA"
"Pyrazolo[3,4-d]pyrimidines",15,6.00263533522781e-05,6.08427730964075e-06,4.83296107997422e-06,3.63461674393436,3.30243821084471,-0.332178533089644,-0.00020531395665491,0.971501072739473,0.00228806273867934,0.0767850149176192,0.00249337669533425,0.041917922751582,3.37265250176735,0.000106612184606598,0.0382437857448315,0.0582092915380891,"Limu"
"3-pyridinecarbonitriles",13,1.62750312489472e-06,1.83733432679041e-05,8.25760389326992e-06,-2.34306290248553,-3.49688194883531,-1.15381904634978,-0.000964958015217479,0.334840418745776,-0.00156781120190418,0.121468025909159,-0.000602853186686697,0.715308353398707,2.13370103218144,3.87967916146848e-05,0.123757737794963,0.161619540875755,"NA"
"Aminopyridines and derivatives",9,2.44642321125429e-05,0,2.6332395588802e-06,3.21576331832563,Inf,Inf,0.000594521500004387,0.554769410015856,0.00125339555837435,0.149043625506913,0.000658874058369964,0.570028344676725,1.7918351352421,2.31253073588831e-05,0.171963088475372,0.211883091157154,"NA"
"Bipyridines and oligopyridines",21,0.000291731469251608,0.0010923158456565,1.93820646706115e-05,3.9118468521687,-1.90467715105544,-5.81652400322414,-0.0107904360885851,0.0564475503764972,-0.00468011934557121,0.66113401538025,0.00611031674301386,0.47868322857513,2.73542895628871,0.00231089958938037,0.0697230005116394,0.0960350770626907,"NA"
"Hydropyridines",21,2.24080286213144e-06,2.26247462434527e-05,1.11315376619056e-05,-2.31256525766222,-3.33581397482162,-1.02324871715941,-0.00067323354723633,0.634990474746112,-0.00178737056963499,0.0992949770646637,-0.00111413702239866,0.383281657077058,2.16299343463703,4.65287363896632e-05,0.120330277958818,0.158652022531691,"NA"
"Methylpyridines",64,5.48450956197192e-05,7.00776971502729e-05,0.00103459090095463,-4.23755398109724,-0.353592749632363,3.88396123146488,0.0252604568685239,1.21449517109795e-10,0.00138855594177146,0.873150613326103,-0.0238719009267525,1.21623378035451e-10,66.8364618962595,0.0152206956842172,3.71176411361203e-19,7.68335171517689e-17,"Coral"
"Phenylpyridines",23,0.00240798747333393,0.000210219943492424,4.9152141117423e-05,5.61442981360055,3.51785643814989,-2.09657337545066,-0.00321660399964536,0.821781582703927,0.0128838627347711,0.103792046169574,0.0161004667344165,0.0261525527531763,3.61683398153778,0.00412407722823333,0.0304398093854505,0.050408324342306,"Limu"
"Pyrazolylpyridines",3,1.52461604918526e-05,0,0,Inf,Inf,0,7.58941520739853e-19,1,0.00128187946280794,0.0216069699494329,0.00128187946280794,0.0180665676108929,4.63223054362222,3.02479180465243e-05,0.0119138902942097,0.022419775371831,"Limu"
"Pyridinecarboxylic acids and derivatives",75,0.000253059484356807,0.000177064720695716,0.00179013262624901,-2.8225180260551,0.515199755196964,3.33771778125206,0.0309770307074837,1.21455956403338e-10,0.00451608081300874,0.453668155549188,-0.026460949894475,4.24087209793811e-10,52.4922305765654,0.0215055907401672,2.59389844893993e-16,1.34234244732641e-14,"Coral"
"Pyrrole carboxylic acids and derivatives",19,7.72979628533802e-06,0.000254202900396642,1.54781371077156e-06,2.32019854878912,-5.03940628783806,-7.35960483662718,-0.00494511728630033,0.0514022356898097,-0.00442088799695714,0.168010759093814,0.000524229289343188,0.973403138985816,3.14729688962668,0.000540137018790754,0.0472542824112952,0.0698688318509865,"NA"
"Substituted pyrroles",15,5.3583093159763e-05,4.5350649036147e-06,8.43612003503914e-06,2.66712633712556,3.56258276203899,0.895456424913425,4.91584965057898e-05,0.998163853667548,0.00311771339109359,0.00604944705155686,0.0030685548945878,0.00559507827219652,6.17070153736802,0.0001759863512005,0.00297171952568299,0.00875918636892989,"Limu"
"Pyrroline carboxylic acids and derivatives",4,0,1.42439132947287e-05,0,0,-Inf,-Inf,-0.00107451073232531,0.0822183382921027,-0.00107451073232531,0.154926337721558,-1.33266517034677e-19,1,2.82581834594227,2.73734760436945e-05,0.06400126182795,0.0907415150574359,"NA"
"Aminoquinolines and derivatives",5,0,5.66440392974119e-06,1.2217315523275e-05,-Inf,-Inf,1.10893126754896,0.000385134058715601,0.788954834562665,-0.000536829168939771,0.711525064018721,-0.000921963227655373,0.352381674622615,0.964020998272293,1.30410406493448e-05,0.384871646640644,0.426034389596863,"NA"
"Benzoquinolines",4,0.000178330993171991,0,0,Inf,Inf,0,5.20417042793042e-18,1,0.00497812902073019,0.00647392939596358,0.00497812902073019,0.00513462727840386,6.18502511733593,0.00045617702102117,0.00293407525903389,0.00875918636892989,"Limu"
"Imidazoquinolines",10,8.87616254564421e-07,1.12593895117488e-05,8.82502107408713e-06,-3.31359173114181,-3.66504870857742,-0.351456977435615,0.000597406702998301,0.595358999708836,-0.000359366381525688,0.869702475898964,-0.000956773084523989,0.358593378332732,1.0429337445106,1.54566268936592e-05,0.356220426619402,0.402937859618668,"NA"
"Nitroquinolines and derivatives",87,0.000224177722633998,0.000127017459862456,0.000240037933517471,-0.0986194955419712,0.819616095375266,0.918235590917237,0.00480431290973478,0.00321658697463767,0.00286393187349128,0.203006607214739,-0.0019403810362435,0.459985763068265,5.64265071831336,0.00045579805575014,0.00476551317742465,0.0128111847756741,"Coral"
"Phenylquinolines",51,4.8928677065471e-05,4.10941982618808e-05,0.000107355185197103,-1.13363969347182,0.251745549162372,1.3853852426342,0.00296070382679725,0.0924165993055214,-0.00054255166404427,0.94073688342159,-0.00350325549084152,0.0756400815055364,3.29845215608945,0.000254896867059672,0.0409987272711901,0.0610556585981032,"NA"
"Quinolones and derivatives",14,0.00211305373264945,3.53459572789862e-06,2.61852158161405e-06,9.65636124316508,9.22356852344416,-0.432792719720918,-9.90009327355686e-05,0.999756451784418,0.0172814827638345,0.0059349056482445,0.0173804836965701,0.00442710556449111,6.33746713910654,0.00553120369303678,0.00256232567754653,0.00803638507957776,"Limu"
"Chlorins",84,0.00339625628042092,0.00257981717681792,0.000385946623112198,3.13747208838679,0.396676498103279,-2.74079559028351,-0.0315890189352019,3.01997523077802e-06,-0.00957951285973837,0.366164544242452,0.0220095060754635,0.00520957091829644,14.2376086694273,0.0205870563687485,3.62269646875064e-06,3.40862804105174e-05,"CCALimu"
"Porphyrins",68,0.0006961037743284,0.00123919733880197,0.000255824315639678,1.44414900108203,-0.832031648538202,-2.27618064962023,-0.0165506284795806,0.0003090490960308,-0.0126294171212668,0.0250832180545524,0.00392121135831373,0.677228365454135,8.56299263157754,0.00565838496789191,0.000369264144956824,0.00174100464891421,"CCA"
"1,3,5-triazines",81,6.03224281830294e-05,0.000103469649019299,0.000128775242714823,-1.09408885097354,-0.778441232583433,0.315647618390107,0.00185338252254537,0.230724104097606,-0.00233339102201278,0.180059250552216,-0.00418677354455815,0.0040579846618729,5.42921879058877,0.000270313035289195,0.00577513749521025,0.0139013505742057,"Coral"
"Aminotriazines",32,6.40381020369559e-05,3.496824143341e-05,4.37850950903918e-06,3.87041879999816,0.872885305692222,-2.99753349430594,-0.00198352765016825,0.111618872703434,0.00329888126574149,0.0127692135574221,0.00528240891590974,2.01567088764509e-05,11.2865156494005,0.000426260860906295,3.80411529762621e-05,0.000254016731164073,"Limu"
"Triazinones",10,7.64644261528754e-05,2.85518703568499e-05,0,Inf,1.42120345738594,-Inf,-0.00211743665710879,0.153451161421456,0.000755588420829016,0.834616782124389,0.0028730250779378,0.0705612707578581,3.03268320874127,0.00015334657125788,0.0526405197140241,0.0761999131524685,"NA"
"Phosphinic acid esters",103,0.0079441860729069,0.00893152373494794,0.00835555043271702,-0.0728354559986591,-0.169006908038957,-0.0961714520402981,-0.00108975858335121,0.97129023565445,-0.00393818602743569,0.755365836044639,-0.00284842744408448,0.85705710756529,0.261373093660122,0.000231031101085326,0.770517966733444,0.77803521518938,"NA"
"Sulfones",30,3.89377761797583e-05,0.000612512229521829,0.000120643704988041,-1.63151024369843,-3.97549625339042,-2.34398600969199,-0.00640227023963556,0.141548666356138,-0.0096830908139256,0.0386754648357676,-0.00328082057429004,0.665537170862067,3.46089080062124,0.00153211432695995,0.0352119979342801,0.0543946535253432,"CCA"
"Aryl thioethers",2,6.67685129258853e-06,0,5.67392839263249e-07,3.55674806033917,Inf,Inf,0.000116230205319875,0.920576562356567,0.000527462793546345,0.289020181213302,0.00041123258822647,0.450943669092635,1.20375895525784,4.25743238936536e-06,0.304374310372455,0.350030456928323,"NA"
"Dialkylthioethers",3,1.8218789004204e-05,0,0,Inf,Inf,0,6.50521303491303e-19,1,0.00145575513135296,0.0155957034919707,0.00145575513135296,0.0128534089962663,5.04769365614396,3.90101632297581e-05,0.00815725085944837,0.0160814374086268,"Limu"
"Cinnamic acid amides",31,4.53116826916452e-05,0.000306626584862213,6.06139657267811e-05,-0.419767167666011,-2.75852781288034,-2.33876064521433,-0.00754375865060302,0.00497400149065697,-0.00587125097744968,0.0847440518427858,0.00167250767315334,0.80518178919254,5.45873320427379,0.00118316427307627,0.0056234515746849,0.0139013505742057,"CCA"
"Cinnamic acid esters",6,0,3.32532654478299e-05,0,0,-Inf,-Inf,-0.00200119002945683,0.0221329487209608,-0.00200119002945683,0.0574919569666527,1.40494531517913e-18,1,4.38617798542087,9.49478414176867e-05,0.0149304616048924,0.02711057501941,"CCA"
"Hydroxycinnamic acids and derivatives",103,0.00138397403442242,0.00429871503579704,0.00326896309501248,-1.24001621392831,-1.6350886004864,-0.395072386558085,-0.00904997669299001,0.208373748086969,-0.0274146609833707,6.77614439084095e-05,-0.0183646842903807,0.00820546762689811,9.93789977805689,0.0110157675831177,0.000115724191734453,0.000684425933972339,"CoralCCA"
"Furanocoumarins",9,0,8.6472183215505e-05,2.79759855182672e-06,-Inf,-Inf,-4.94997525490281,-0.00348605195608939,0.0118135618830475,-0.00374414515310407,0.0219269884693003,-0.00025809319701468,0.98014939003358,5.45047048847546,0.000304861724860051,0.00566550263353609,0.0139013505742057,"CCA"
"Hydroxycoumarins",54,0.000201822070823645,0.00102605325538998,0.000744633201583145,-1.88344599120344,-2.34594975511413,-0.462503763910691,-0.00698787191059644,0.304984728740082,-0.0155314681401565,0.015436639083611,-0.00854359622956006,0.252918707729651,4.02404273391299,0.00353076199019845,0.0208519274145726,0.0365792286001402,"CCA"
"Linear diarylheptanoids",8,2.45929596458614e-05,5.9070141038919e-06,0,Inf,2.05774440514601,-Inf,-0.000824077010577239,0.372166022963322,0.000600898775115421,0.675613270126817,0.00142497578569266,0.104832171801338,2.26053430670884,3.32307264709106e-05,0.109599339488481,0.145429892782791,"NA"
"Flavones",4,0,4.75346789420611e-07,5.17091933361794e-07,-Inf,-Inf,0.121440382695592,-4.20199061606054e-06,0.999487195983651,-0.000160294913704422,0.577977921201362,-0.000156092923088361,0.579597790484355,0.616409306888647,4.60233389373613e-07,0.541917965163756,0.569426491314201,"NA"
"O-methylated flavonoids",4,6.92542480586312e-06,3.26056698856065e-06,0,Inf,1.0867797085508,-Inf,-0.000419680003890908,0.50059681930809,0.00011751209908333,0.960297826827066,0.000537192102974239,0.415624954192093,1.02415637140996,5.60052895449841e-06,0.362834498769846,0.408188811116077,"NA"
"Furanoisoflavonoids",4,4.83900278567245e-06,7.81833915740217e-07,0,Inf,2.62977569492095,-Inf,-0.000239173654681872,0.639918327509184,0.000209861891649554,0.774894265555986,0.000449035546331427,0.298509312987911,1.16427396325667,3.21602297995405e-06,0.316343874942846,0.361785536536846,"NA"
"Neoflavones",3,9.56355448983102e-06,0,0,Inf,Inf,0,5.96311194867027e-19,1,0.00107183646520927,0.0134697364766294,0.00107183646520927,0.0110298641841661,5.23555415016558,2.11474576879298e-05,0.00687961992625425,0.0145314420891289,"Limu"
"SMILE parse error",58,0.000612935367322245,0.000374660310039704,0.000362289763708715,0.758590909098714,0.710151800308679,-0.048439108790035,-0.00477092116574684,0.352425627170542,0.0021056185160297,0.858820389420588,0.00687653968177653,0.188643052306687,1.80962371222881,0.00084440601530829,0.169035652194174,0.210785421712012,"NA"
