OTU_ID	X	Y	Z
Otu03324	-0.7365326743589172	41.68323117423244	2.956387777805543
Otu08063	34.61685551769357	39.74962350651419	6.266250113071002
Otu04582	26.08703217773132	39.034945545897784	-4.670065720972355
Otu05857	76.90256233325535	28.769729436238727	-13.082129869384586
Otu01210	37.25966084703	30.15769807415247	17.60906717350987
Otu06000	94.91076996365729	38.30734603783091	-28.354860745126107
Otu05789	12.688427112578383	53.68955209839238	-2.8620411375283807
Otu02150	-7.024541466584863	35.02306518232988	-2.176419430577529
Otu01648	39.9809320642784	44.58783598831121	16.48352635863441
Otu02262	-29.32872622538433	41.33809304451176	4.936660828388373
Otu05174	-43.71137062249812	34.60872453161295	10.704301712001588
Otu01460	17.74788378708936	37.76527444322579	9.918226874871026
Otu02474	44.442714410577935	31.15065181274262	-9.30040121062559
Otu00014	57.83219503226328	32.691119035202384	6.760860937648615
Otu05501	51.48631625612071	37.699047701113805	-5.852860378389268
Otu02124	30.575206031108927	30.382886706945587	-13.399844224034927
OTU_ID	X	Y	Z
Otu01518	4.913933155814907	43.70608208876232	0.9610677881411286
Otu04132	57.87965912871015	42.119342025461975	-5.396313809820054
Otu03740	-3.5717273563109866	28.347198781955814	3.7882888407641224
Otu05366	89.92074193928643	38.980768110790464	-5.233102138826577
Otu05833	49.11755681380016	31.46327690019095	19.099624153873812
Otu02787	22.767873722514913	26.40348598585085	0.6558920008063435
Otu04020	61.40848354474375	28.073642261684835	-5.484644513398902
Otu04397	37.15517553663775	51.3242236948495	1.6945135126719744
Otu03830	24.728533160661087	38.774020699228736	3.9710814743382903
Otu01581	20.343307772724895	43.078851254515435	0.5217657902062505
Otu05152	41.17985789066452	36.10407488717027	-6.341984247560752
Otu01411	8.104066429211716	44.54499413997945	5.944521906387442
Otu05551	-9.863254179344155	26.640611283852326	-20.061984476253837
Otu02667	-3.592936973174833	41.73519849893074	14.203818081629029
Otu03167	-40.286104481537	22.309719167760136	-19.744354827038197
Otu04321	-19.50440141942808	34.704495611716766	-6.434257237594914
Otu04661	53.7431529803815	32.07005415151536	-4.765315302674813
Otu02416	9.965481583515697	34.31527573585577	-14.519627942516419
Otu05971	-2.783441364106337	47.65944413808953	-0.18961592668728153
Otu01626	-12.010578244058495	42.18929220667882	6.78187499568711
Otu05221	101.68913698598847	31.28117700263117	-18.713719765414357
Otu01495	89.05181970832604	33.17970324555821	-7.975079939897213
Otu02142	-7.581507080482796	33.74112568938362	-9.114806211844629
Otu05963	27.86091679353935	22.80005511640674	-17.990221458643195
Otu02914	-6.540429785859945	41.42510942643715	-22.108261834452495
Otu02692	-65.06493223091228	27.466948648008156	3.786891194986828
Otu04821	50.092493774217104	23.57262812372113	12.351539840776276
Otu06525	81.85065639760832	31.224980018702222	-28.619939856446415
Otu03848	19.716964307029407	51.93996351683593	-1.7841903987739416
Otu05502	84.53638029828616	23.54573218657323	3.6265677966186147
Otu03340	-42.45077818090546	17.907273577439188	11.784663467452832
Otu05154	-35.4744408100421	36.95101064282199	15.582403920903657
Otu03979	28.50485375056821	34.344332000056184	0.21009438079255588
Otu04573	-48.43855736913256	27.992892385943108	6.857406409025427
Otu04284	31.423870810576236	34.736105347424896	-28.789635950811316
Otu04574	49.81611206740683	44.83251889871747	-3.1500177583648137
Otu04588	-30.259649461900807	28.624712048524696	-11.81856617221385
Otu03669	-20.316246199143556	24.7929081877237	6.251892311776076
Otu02479	-49.45465376099873	28.470302783308377	27.80666616916537
Otu05101	67.35895240289844	27.248283846231494	-7.719376830512428
Otu03437	34.39807582965238	10.51679257057389	-3.197441615016469
Otu04572	58.190410738747076	28.214714977420766	0.9933989199786888
Otu03579	95.69199321147127	37.919023760520396	-15.446224558230856
Otu05984	122.60074686421318	34.12403324770913	8.230271764175168
Otu02829	38.16990827900505	35.86291842475501	-22.209309442825173
Otu03787	77.09259908982348	41.592863861370724	9.57903187134827
Otu03704	43.35705902962561	35.99499518879278	-7.86308803897887
Otu04595	28.82874932148542	26.254489368855445	7.566371007167759
Otu00957	60.28139073623397	27.98396315130066	4.393384471549602
Otu01730	77.1538183271675	18.893604880270246	-9.811286624424563
Otu02303	-71.32846238614331	44.239253079655356	22.757108947332163
Otu03094	-47.28574148433461	51.47986079094836	15.455018911914488
Otu03750	15.116146805534413	37.49431629132823	-9.321044953004767
Otu03969	37.882261214027736	27.66127923012261	3.8074423605205987
Otu01760	31.08217510374098	46.09200208748475	-0.6089604353557588
Otu04868	34.827558789577886	36.66695363271355	-3.7151991906790154
Otu01767	76.07881033887628	20.560057886389632	17.622635550946818
Otu04726	13.611278515837725	41.13404047827119	8.523175776290715
Otu05440	54.71653246932035	16.25124012933571	2.666430260757299
Otu03946	68.51628270123278	27.908544772184527	-17.62494526207488
Otu03480	7.464746133885023	13.047963591467639	-12.982236161345014
Otu04390	31.41701260575236	38.41434956733617	-15.619636508051451
Otu01183	46.73848525088014	39.835985728969916	8.461304269463904
Otu03813	20.333945342496943	24.18562225391891	12.610341397298505
Otu03707	98.51633237463084	24.024765140976438	-0.295281929398728
Otu02621	50.44154927923113	31.66333731036287	16.221162349055962
Otu04383	-108.64926702414809	40.38960716002902	20.352746160484703
Otu03845	33.84763858221569	23.79877166687917	0.8836666685369423
Otu03886	25.19778590655572	19.27224950853139	-11.735373678133477
Otu02877	49.63153349838754	45.39886323549008	15.58383728894943
Otu01048	24.659194780102073	38.461452010497595	3.8935803350575093
Otu05136	42.23906661985768	42.32087066424846	-1.1658672884533396
Otu03901	35.69398926947782	16.742897381963267	-0.23699194200874216
Otu03958	89.7695167323255	26.67648138567565	2.9088818070574405
Otu03411	0.030415970400300037	32.02324108622574	-24.985957315292353
Otu03017	-75.94919973973803	36.10536546400075	3.3413731944955543
Otu02337	-42.864061492290496	38.19209728949607	0.027535298484615427
Otu01759	0.9384506005455567	20.731451579821695	3.635330863561345
Otu00910	73.865055908661	23.131132719713484	-8.825131686125644
Otu03016	43.34692507475125	36.7050797118924	-9.65431964589509
Otu04664	-14.184000711108524	25.892586362168633	-2.328481691687036
Otu05111	31.544724951143927	44.74986776537091	-9.626147432510914
Otu04314	-7.095505891282074	41.17683137021877	2.409745675485084
Otu04468	44.09990474732052	31.06489669777996	3.0002703679715608
Otu00971	-64.94093629496194	45.27281083426816	-5.771527999086362
Otu04312	101.53330490750344	33.42082314819139	-10.745404912628938
Otu04910	51.691994602267016	33.457103179593176	-15.320152755735238
Otu04211	42.10482883440234	35.012308884367776	4.995984510845843
Otu04347	32.3146225406839	20.31252693452884	11.104158911141667
Otu03494	-49.81600842020128	39.518542449691154	-11.948031844894489
Otu01612	40.953421063435236	38.817388935171344	13.366196483406144
Otu04627	39.87125635758985	26.761373814940136	1.7846113045800884
Otu03751	56.52958090710149	32.810855462253244	5.432580140321252
Otu04248	32.23227152215649	26.846870087410327	9.434922751491902
Otu03452	30.629455871162452	15.91077191017999	2.1985292544376005
Otu01248	-8.131008399668904	29.278799832431865	-28.654194705376682
Otu01632	21.78225146733981	33.04927553830422	-7.157332660814891
Otu03831	67.9312181614646	30.163972506991204	5.607312359277374
Otu04175	-59.52166370967746	34.382181363851956	2.8129771781334303
Otu03688	63.689486167446205	38.940999932693195	-8.165663124937396
Otu04939	68.15688709573007	37.326850727498545	2.134799148079043
Otu02764	-35.28750556570824	25.39841543603745	19.967402999057025
Otu04476	34.47978563346546	33.50299330533414	2.7333946629956567
Otu03075	-82.21582366668329	35.88658870436843	0.0781919059847693
Otu03241	-60.09398145244665	40.27863196117588	-4.300998964966721
Otu03249	-43.220310285981874	45.111920082317106	2.4389059388783596
Otu04054	-51.9482691106968	28.967537475242402	23.917030000737192
Otu04014	12.066302709372312	37.71076019131432	-4.467879151397315
Otu04032	-10.722494627883172	17.736552439619533	-10.99139337109003
Otu03773	43.76564906883845	27.844625316538053	-1.2478472769336293
Otu03827	-7.10218283968817	42.94162890888452	-15.413882740212431
Otu01623	-62.718583368154036	37.316960642031404	13.936676307748396
Otu02700	-58.697858754212845	41.194712399536435	-3.6021760751382548
Otu02293	43.06183286265088	38.4106861346416	-2.5510203939445395
Otu03678	-24.07874304576287	27.02656858044453	8.417084075896696
Otu03548	-68.49110169568938	31.402227309662024	-14.019413251104428
Otu03047	-90.3395212979479	34.013992341178415	12.07367176606128
Otu01885	-10.823887739024888	12.939559116698435	-2.6364264405575586
Otu01299	20.91062145106661	21.264170502792563	3.661448354706142
Otu03282	-69.64215586693126	25.472291891066345	-9.794092453400532
Otu03785	-48.501891917400854	33.98019911557321	-0.05651055396794204
Otu02727	66.53630738740783	37.843119166834335	7.95565215630364
Otu04158	-58.457585972263445	34.347874702190865	-14.952044914876929
Otu03115	46.82159063331396	45.17721011968799	-8.26281971673487
Otu03471	24.499313933914408	47.29554687841587	5.412144680492563
Otu04388	1.7358787443656618	44.821418047614884	-15.736358950282161
Otu01983	-87.46480609293916	12.043294315984312	16.320672307688973
Otu02045	9.963015472953112	30.104147378651987	-0.8882185722506609
Otu03932	18.099421471807478	16.07807780347494	-20.81503390736512
Otu03524	-5.653239894442195	29.06213787955978	-17.22680447000138
Otu03659	-48.42615572514516	21.619970400038987	10.030924629939252
Otu02723	51.37787103470187	36.00726874221611	-12.207185926231798
Otu02663	11.115881535313283	20.635296205662318	2.722421355524793
Otu03635	20.7045180300253	25.781957081593525	28.91510574457626
Otu01866	-14.373280958104482	36.89981666548094	-1.8025176377236491
Otu03358	-59.07457485605333	26.795576505682494	4.3388929492193835
Otu01053	-26.377652677205297	25.094475534434178	2.497761707131026
Otu01313	36.66100672277022	28.995496746906213	-4.392109228508512
Otu03898	-62.76523599067004	39.05860976041637	-4.709364131664185
Otu01842	-47.29247867643474	41.00670908146511	-1.548475683094171
Otu03360	-39.50489320800355	25.959298406436304	-10.138859981227103
Otu05017	29.963354586292283	23.905061200827216	-1.0776451887430367
Otu01265	-44.25863131889577	30.187949983466293	-21.741161492303103
Otu03513	-63.923047891005154	33.82950318971929	-3.438948231771439
Otu03836	-25.336622031200793	24.35329269483804	-1.0742430647284722
Otu03083	-82.06610625141475	28.106617944571273	10.981235721130151
Otu01498	-59.866753913734314	24.30387903360355	-5.748783748558063
Otu04022	-59.08940154958033	23.49965650512992	-13.90255546366667
Otu03770	43.873551223119755	39.2532349067618	-14.693788555393905
Otu04650	-11.34389700654985	47.43998836636583	-1.5409121010388953
Otu03485	1.9892627643113563	25.86478375013337	5.281641622910424
Otu03624	39.38035851499217	37.81176688239531	-15.20654290545707
Otu03161	20.96218771798415	31.222115410267673	15.389763757632286
Otu03405	29.515578826420843	29.754020855230046	-9.12298540586638
Otu01969	-74.16742866095584	29.17874839838253	6.871099872687013
Otu03895	-45.34680155675888	18.766716252002002	-6.49860985527449
Otu02543	32.751106488089945	34.45868452246001	-15.563920418595279
Otu01901	-48.70428789949796	23.07483627833372	3.6543601814316435
Otu00259	64.46798473129208	22.471759344464648	-0.5124572894275882
Otu03899	85.77050967009089	17.143975275890845	-5.3245463324899704
Otu00789	-41.24673758010532	36.61451079685524	-1.74358814612147
Otu01488	-15.409859564975106	27.821430054738343	-5.396204113189886
Otu03401	62.97160297432838	7.485503856638334	0.7566453329201955
Otu02638	-10.224063337744402	22.91689626429583	-5.65027574457937
Otu00846	0.4674488035423557	21.021783871206434	6.540616445346636
Otu02579	-62.65247623862473	29.36975766457418	-3.0164761378340073
Otu03799	-12.998725323329188	22.345325227624386	-6.304285702664456
Otu02824	27.854467557358777	11.585762866889716	-0.0020606753594148318
Otu01633	-77.75702630170302	20.166072237513834	-20.533509574869694
Otu03386	-13.724657226568775	26.609627294750233	-8.610918930375565
Otu02274	28.261981554192502	28.468942165181115	5.21803117164394
Otu04657	40.74391393286061	38.60989190670309	4.279862408791391
Otu03549	-97.25121333554756	6.703140514669055	17.46322792654874
Otu02745	103.77715521847254	19.21905774404196	-18.08656642745756
Otu03146	82.37416645729785	17.2369266099408	1.4062022203565125
Otu02098	-24.709817307787677	23.715591621101797	-31.231197405082934
Otu03497	-57.008565145516826	12.836086915509348	13.562011689444747
Otu02804	69.81153271809622	24.8257173225674	3.4233532029217564
Otu03297	19.40874005882366	5.68227928141356	9.617230494662834
Otu03660	54.860842016058484	30.56291925028981	-12.318792959555658
Otu03593	34.88611201417191	33.06857072913243	-23.441652139206013
Otu03744	57.05480094972061	14.537814505692781	11.656185856052423
Otu02789	49.95186492804542	25.51476749424996	-5.107112359971742
Otu01571	2.285061150399265	49.55170163550412	10.245924562972684
Otu04165	64.31016695852753	33.52636665030871	0.6336336340784493
Otu03286	-13.973915470657174	26.175852953769695	1.2802683092179319
Otu03248	-62.19842800577638	24.30013769010983	6.434312161459376
Otu00683	-29.79524489913426	22.892277969331353	-4.324532332669042
Otu02768	-23.76167850284652	16.049473033019957	-13.467505776117262
Otu02837	11.849090021342906	21.56550050761912	-11.350195078788428
Otu02905	49.8033443634592	30.820531371615637	15.616494011823015
Otu01734	37.774853787741506	16.705267752940156	7.280680509892483
Otu00565	-52.593429832943336	31.69868285043501	11.700511090066243
Otu03566	14.849329217753047	34.98124164703487	-33.97297200659249
Otu01033	-36.249292639513556	25.294530002610298	-0.41711620603056626
Otu02975	-50.36170160173602	32.93908715524628	8.118691586409643
Otu03462	43.83092179061096	33.27726450586772	7.322186820740999
Otu04122	31.644092235210397	40.96699023275894	-1.7366178320681422
Otu02959	-131.2281166284969	4.2888130050696045	16.937294102292245
Otu01902	-48.695372566685904	13.916210058374496	-13.757219497961943
Otu02202	15.142853816029291	24.583222879068693	1.1568897282180846
Otu02846	12.749626417291617	21.58698798540851	9.7733232260117
Otu02007	96.4155252395702	34.773516876411094	0.23797135231707747
Otu00397	-10.253233335780697	24.905430935052753	16.924296661838596
Otu03065	15.823809624151371	21.28187026901208	10.821964682164426
Otu03288	-62.70580273875693	20.390825740023192	-2.853014352726478
Otu02668	9.45636272961904	19.565744955379486	-10.198510537693016
Otu02403	78.67783080228212	23.28742279317388	38.15490886593684
Otu02785	-65.63177477704437	33.70771134784476	1.8871106513656366
Otu02996	62.56616912404171	29.745385397271377	-2.6248698250676235
Otu02947	-107.7753810376646	34.85324606740088	3.3634007710392124
Otu02641	-38.17565844698414	32.919707129006525	13.830072991059755
Otu02875	-20.38730266201068	23.09890671406419	-14.772372027362659
Otu02676	-70.00253408723553	14.91749923569762	-13.69300315662622
Otu03181	24.502507981383406	39.0840329948333	-10.291302520540306
Otu02625	84.64723486325433	7.9281860538530315	10.727200190516008
Otu02830	30.061514890823076	19.902768961750816	-3.114562659254763
Otu03543	23.476005456265717	48.17772729246339	3.4640807953309634
Otu02927	-41.352915768115096	15.71597981306645	-2.617289720963761
Otu02108	14.683428854653755	22.046323420311833	14.638664939281735
Otu03162	-31.670697889130015	12.785710991921475	-21.252818280067025
Otu03059	17.392807526616277	7.46217044470827	11.699808694191187
Otu02313	60.557189914227806	7.117184705092904	-0.6484043579368358
Otu03069	65.37290494006945	8.903668493157252	-16.42264408852887
Otu02352	48.548399269143154	33.0968785202313	6.047587489715061
Otu03615	70.86802522035116	19.519247856912813	2.7339617662577753
Otu04027	61.45361135902472	30.97188760425204	10.99053019230578
Otu02898	56.878983313082394	11.342605843056399	19.50192222411682
Otu02545	-89.24525650343328	5.848185495263748	-11.067095273323897
Otu03268	-80.60353487751127	9.237193584527782	-5.891864891478235
Otu03040	-16.184155528929026	14.834879737392422	-9.082741804536964
Otu01261	-70.48029408865584	9.514053523707652	-7.531993735353453
Otu02330	24.120478750700368	30.590319302588657	7.723909410134282
Otu00730	54.182263762733704	22.226681848089175	1.239354347307147
Otu03207	86.92684602460461	4.865630589298058	8.015960829062434
Otu03564	-101.1449740740397	14.950231778433501	5.016855334619788
Otu02446	-95.73434754894951	19.814773512302015	-6.6459842303058165
Otu02610	-67.46537663702144	28.457508369605183	14.55188982765096
Otu03013	-74.48679872444856	19.776420107627946	5.092796105388924
Otu02713	89.53218090094528	6.487556916038893	-31.619478011936955
Otu03039	32.494019813622806	34.43861564272753	1.6414297375237727
Otu01063	37.287246165408746	14.050256310000178	7.984803733386352
Otu00816	-56.12006511466416	15.510041234033473	-0.20343333636981278
Otu02859	43.446984760120095	23.803056101933137	-5.3352660944398105
Otu02899	-63.336576566646976	9.59881700017432	-32.41593318735209
Otu03758	17.089633419332593	21.367838257922024	-2.0752358149854215
Otu02998	-71.57326792343493	8.207118140076533	-5.8331832880591055
Otu02362	-67.05159184989901	16.428317295476536	-15.336234160024738
Otu02634	34.385884753618846	17.554881970697657	-4.103023082365034
Otu01350	-72.76574113105349	25.927083464213293	5.299686894906652
Otu02463	-83.74833290555007	33.67856050932103	7.113740428444938
Otu02925	-96.94960725322836	4.711901507453594	-26.060591663826617
Otu02136	-50.741078248882445	23.359036894456967	20.056486991707384
Otu03817	-27.196957281004668	5.5016678452433165	-12.311418136913497
Otu02557	60.36017602239227	28.536048832323893	10.697493769327329
Otu02578	46.100622416684736	18.28450590384653	-11.253468350287893
Otu02773	80.965541849859	19.946942940008604	10.103994316137165
Otu02423	-6.179926006170337	18.152690873740475	-3.972693381273917
Otu02194	14.716658441349253	41.95322310363811	7.912845676658048
Otu00945	-87.06213767780757	19.111327178902606	4.450533174875043
Otu02881	42.92213863617473	12.260101552397101	5.287322166693393
Otu03433	23.14934484330017	35.69106206130351	20.3346933894931
Otu02455	5.326240524669078	12.26174675593137	21.466087496514547
Otu02556	68.76919752961915	10.552439763770112	-2.186914898067034
Otu01977	25.21305656120986	38.28645439590472	0.8378403520972633
Otu01102	-71.95153808566454	34.088136298615936	-2.691549679590834
Otu01178	-50.7805926234647	19.411967140094134	-9.556024448449806
Otu02410	-88.56287725984767	27.287054374020347	5.502069808998096
Otu02183	64.59342805682456	36.47879479254413	-18.30176605870232
Otu00992	50.55408485773187	0.6707381818878702	1.608015151020186
Otu00803	-46.39395724928262	29.884176391584106	27.300347462341183
Otu02770	-60.97839096652385	14.941697857458442	-14.52374223023594
Otu01840	-41.19602108217084	20.430359314007365	5.477751885524517
Otu00829	-27.206984090015432	23.019776218132353	10.567418139750584
Otu02863	-42.83383134394227	21.069990469378588	9.489229265070401
Otu03225	-67.0671034221291	-4.41111873833696	6.477434749525555
Otu03423	83.45015989754435	29.177780230935493	12.599244794562528
Otu02647	70.06304849049471	17.91784638415824	10.572229434956125
Otu02286	85.0331791064689	0.12372405577524224	-2.4061589754993644
Otu02506	-97.57565401147276	13.568598922426307	4.480909870116558
Otu01041	-68.26123930462624	24.411083810613682	2.290838791090141
Otu03397	21.42680867507055	29.169384067392386	-21.632190445744314
Otu03445	114.7961348498944	-3.331392622965203	-24.55947046516795
Otu02254	61.64467647803733	9.737640362287975	-1.4092621414991588
Otu03068	69.98602729552364	4.188152765281571	-5.5565293387871435
Otu02091	104.4404024944745	20.84386336084046	-29.994357734799962
Otu02360	15.06620198437673	11.059190934051752	-4.227248414704378
Otu01740	60.87006287220127	35.51443178274061	-0.16561065269385217
Otu02083	-72.24675253663136	31.516814879902125	2.4406116114145053
Otu02401	-27.670203003052826	17.083864004726998	5.757797475526193
Otu02109	73.26010283503182	11.03858867889536	26.364630603007026
Otu02395	41.33884126254419	24.872766368370012	27.86465472102481
Otu02728	-81.01205426313578	3.0219348517118143	0.43150554105112643
Otu01676	-46.87133342788801	33.10278083101988	18.74082980327459
Otu02540	45.78274361367352	21.06821222253371	23.40003829358197
Otu02731	-67.36211326887036	15.326497942813232	-8.261805251825225
Otu02821	59.22182327339141	35.03208899050607	-15.038955823397528
Otu02013	51.266365020730404	20.379890726623632	12.759234943850695
Otu02725	56.82447824039033	25.57380696288889	11.043343965374394
Otu03222	35.627272193616754	25.853658940040685	-16.78969038813058
Otu02582	25.72017849811062	17.683715313689273	12.114473593853713
Otu02603	-104.51009993692529	16.840536053495054	24.120198253327583
Otu02666	74.13720632631923	2.0006475572084566	-4.387466250429424
Otu02671	-55.14705897982571	16.181770163515623	1.3910960037879991
Otu00620	18.484507258924406	20.097549252999258	14.591705724391653
Otu02203	62.0590012281818	27.60313077800126	-10.114172870238749
Otu01899	-76.66882913618865	7.1114122147234085	-6.926531177891345
Otu02392	-75.80370194554033	11.836645170980315	3.0920496847932593
Otu01973	-75.91973265611738	6.092767551510256	-9.971962062689025
Otu02367	-120.52508412842667	-8.995634966604458	-7.346328591200581
Otu01925	81.67541864106897	-1.9533601767802886	2.492586709738701
Otu02058	72.35303349267753	17.451968542138392	5.590513156811111
Otu02554	52.25721878617588	17.141122388934072	-17.1096258613595
Otu02180	92.92539864153336	31.464753050786953	-34.749929907709586
Otu02604	66.10014254853496	13.545580412926897	-3.75875838863315
Otu01020	15.777216697390028	23.920909888547286	5.251195538588993
Otu02406	74.64199453807456	15.739445479929053	-6.853652733327353
Otu02656	46.48453049668976	12.22735531283811	11.571650480906207
Otu02441	-57.23264517019297	10.24553196636812	-22.516521623164678
Otu03902	18.648563009625065	6.466791289694176	-17.162707670322185
Otu01823	-65.80768363209786	32.781386918426186	-10.983166470998281
Otu02565	-82.33223904393573	3.250959423379014	-0.7053943090920235
Otu02198	63.274063336377644	26.40631555683024	23.86153265540049
Otu02492	75.22954127298972	10.611944798565668	-6.031918271491862
Otu02497	-79.79861406839478	14.640011546923802	-7.046411675515122
Otu02970	79.93487622762288	10.533391644624894	1.4423125950452544
Otu02614	-24.467703785429702	28.05431738324672	-27.493497953047925
Otu02665	-59.3037066212266	23.884162449508526	-4.079781798144838
Otu01945	-109.2542123186099	35.240019182775185	9.19400011869248
Otu01656	-97.30593426849836	12.722886199098289	1.9679088038285448
Otu02572	-60.95999302620396	15.051602337151612	-6.975353964849263
Otu00385	33.389418586642684	9.051959171675069	4.922119577227675
Otu02521	-97.41646836256223	9.556593010793089	-12.563024501124948
Otu03028	75.44192189371394	36.681903634870935	-8.299368924952056
Otu02268	-13.634149195355045	25.0917692793554	13.059123334672204
Otu02657	46.486313973853456	30.454560721907345	-14.992282006841869
Otu00418	30.977263882792936	36.02776083676113	2.8280550321329363
Otu03150	57.03745211968578	8.080083838060023	23.01208540390465
Otu02176	-37.41861487737243	6.3071787848434075	14.332272558949441
Otu02260	86.55419991051534	0.8417852730378552	2.508778546888046
Otu01588	23.634311917482187	-3.440082074373014	-30.709554084325404
Otu02128	-106.22874132831258	4.015636329340455	-3.1792585535833857
Otu01409	55.554042984170486	17.470645119902347	0.9180083342633166
Otu01921	-71.78536327543078	40.884108538357374	6.536087363949296
Otu01014	27.27281742930416	14.39477441267695	14.397242638617172
Otu00721	15.209034369786286	0.6527991285274009	17.29344477669565
Otu02563	-22.06065497926057	23.824791886743874	24.117369689385484
Otu01940	0.5483300317715498	12.987601624877888	8.721066660678376
Otu02973	46.57693584551198	38.09429972902361	-49.66268277597876
Otu01443	-63.452081305622876	26.968056132919084	-1.864986630278336
Otu00559	-64.3357561925873	26.60426161539027	-8.28241291293528
Otu01342	-12.635700966377048	20.200797628154554	-9.11693765996223
Otu02347	-120.9982026464004	29.2981357017456	10.296844629694307
Otu03032	74.58144221969589	2.149788208052357	3.329127448283098
Otu02643	21.680654624767207	4.431569799235572	15.20532063592771
Otu02852	74.13753007546178	18.83343941954239	10.163194406733378
Otu02598	-94.68932897071633	15.8988098429137	11.55745418262445
Otu00981	-40.0288926919091	27.355534904776626	-20.13403969390586
Otu02383	107.0803827988834	33.514644050873265	-6.397707555147364
Otu03152	23.90410743205425	33.16009712577344	-10.132467786525668
Otu01002	-69.16745450437827	17.828168789713775	-0.42848720740496427
Otu01918	10.710444369694597	13.079350236024702	0.5963842433866064
Otu02232	-86.03685580863569	10.281384333431005	1.697382032307969
Otu02720	-114.20375383530953	3.7412327838971957	-20.587349704280562
Otu00545	-49.14578657358957	33.01611547339218	19.23451178030674
Otu00896	-16.37011274417887	3.3312329952757	-9.736713758218647
Otu02034	17.486737849979647	15.471451907520791	-19.690188188296773
Otu02903	42.48794992705107	28.952538780171075	23.58059965409427
Otu01141	-59.92012392152437	18.39442961725567	2.72126441818706
Otu01539	-25.751524421326575	27.456520511863477	-4.920249355145211
Otu01834	-2.769210127822633	19.21795499360151	-34.00181584061083
Otu02252	-60.14627849920374	7.493598933090984	19.412838324557285
Otu01932	-82.13505673193762	12.147443966209128	8.401959887709536
Otu01844	-17.907857699262472	17.795827150249412	-5.500134405625872
Otu01851	-41.356996223883	26.677174038041972	17.383482651396267
Otu01947	-81.31219755838482	18.681582216966692	16.710481805769884
Otu02396	42.367485486906425	47.39494982756615	-8.222309872031301
Otu02660	7.875306954470852	19.615515094413443	14.838165786973974
Otu01613	-68.94382429561558	39.14978263308694	10.95926304989008
Otu02012	-124.86297731024784	-8.633072829884137	4.261655214519058
Otu02036	26.60113038530974	24.032405122733064	23.256658454876934
Otu00526	52.72132459337018	-0.36242950362277654	18.21228601619469
Otu03145	-89.08507052367781	-1.0822337093574903	23.048779026722165
Otu02481	17.125221016061726	25.704540990432587	-20.969461883361262
Otu01059	-17.360307610982577	21.215149503669295	-5.358885704279989
Otu01161	-87.02499894081355	38.57847016866792	3.5192036459384775
Otu02324	-70.10141917800782	-0.8728417224569355	-1.967876171561657
Otu03090	15.81185891752257	21.56581080676648	-40.85962351643791
Otu02949	60.404988746000065	32.62124634043092	-47.25237268566206
Otu01941	-80.41096302660243	15.262688234904989	3.504929015534305
Otu02842	37.245404406692025	21.096791045338268	-13.361893221611258
Otu01871	19.217379311674758	4.9068993543437704	16.560080667957095
Otu01923	61.457873439985114	26.824269015404827	27.414200449775223
Otu00431	-27.665291229309354	29.858577856779668	2.2110668839506955
Otu02593	58.9742495733605	13.383799717989685	-15.484646960132045
Otu01098	-97.65492649963299	-2.9873791770626985	-6.126759791931219
Otu02385	-81.68058586280038	12.932468163795637	-15.362918179608545
Otu02033	75.10292779063471	31.528403663597256	-5.5976535368969955
Otu01870	39.97153667721757	19.93837529894776	28.46929287573572
Otu02231	-62.55180159093453	13.617187333635771	7.419368613911891
Otu02294	-43.57093475220773	2.6631424789318565	-0.5440589163763202
Otu02478	-29.584591075710062	15.32448333725353	-15.138559796618608
Otu01583	13.833836230363575	10.763248459159461	-6.7203498422723325
Otu02246	54.64892487254519	32.01645962800937	-0.28701896302741564
Otu01315	-71.65814296052785	22.424856236033136	-3.5923453067483706
Otu02514	-89.0189271627764	2.995154416851713	4.448187418045815
Otu01620	99.11775987485777	2.4700502381823854	15.563799724700974
Otu01742	30.596808824167837	-1.4566984323011218	8.790501840334512
Otu02718	82.60667417472992	42.16355391023026	1.0336265883240023
Otu02576	-33.563927723639125	15.894090090516048	-3.408151238308131
Otu01685	-10.370778996252453	26.44114205216094	17.583844317424504
Otu01943	3.2860467574589305	22.316836638923057	-7.307937865732576
Otu01287	73.27010530574704	16.13693889459229	3.931203347641846
Otu02447	-65.42179913104229	0.2535190488985267	-3.4760265834617887
Otu01804	83.21041148565176	26.441643152481948	-29.88931223489078
Otu01706	67.88156904689848	27.59893303325872	18.722256352135684
Otu02449	66.6261991454791	-3.7389580562380953	0.8074065146785868
Otu01801	-94.77112942741479	20.59023347933087	-6.284041500892188
Otu01869	-115.40182055009765	-3.6405068276444887	-21.84306162531865
Otu02801	-13.439099771935776	-10.825620835057398	-13.961140887586698
Otu01348	28.32471671912453	18.46791114425802	7.073159269769451
Otu02427	-90.03513620001081	-1.382505425792137	17.8313859066062
Otu01589	35.88292066352259	-6.4052202482529665	-14.019495827209731
Otu02168	-103.01958469019254	2.1163831013432466	3.4157890316550676
Otu02161	20.238214036077636	42.10778277332835	-13.293133671000911
Otu01330	-96.6490478626037	22.1567812634181	13.266224238428812
Otu01961	-103.74326950831878	2.8785456654276422	-3.0103242002794937
Otu01761	-12.875783162691718	30.25706700242305	-2.72454006968586
Otu02285	-147.44912894759173	-10.61918976875314	-19.988804389467123
Otu01999	-16.582102270888818	9.075558368906048	12.648884887686705
Otu01176	-60.75278334846815	9.271694149960977	7.326740892082097
Otu02462	34.15636502143395	-6.2188634268180705	17.60104413201836
Otu01021	-87.42098164746487	-7.569949873947781	-6.308558389438257
Otu01951	-71.2305839553064	-13.904637313022539	-7.792370858093704
Otu00952	-10.525769328845524	20.7187844093548	26.569455762972325
Otu01803	73.03525858318832	4.567500724536121	-2.0415913813409214
Otu01704	-5.737709288031884	14.0324222668901	-11.40622217214269
Otu01727	-37.07043053783063	12.836084043584272	-21.098864911715786
Otu01450	-18.37451215680052	1.8138320825799692	-20.196282269031666
Otu02818	43.11720534658871	-8.797542458443582	2.8534484971006653
Otu02092	-97.53174901472711	3.913024557207512	-2.1792623671945264
Otu02983	63.38299536066895	22.31826143375595	-71.29594891646947
Otu02974	31.434984043664237	0.9908694967988736	-34.531849051613904
Otu01336	-73.68276187726168	24.608911846140494	-2.453053129748671
Otu01311	-19.948190692182965	17.408293503848547	7.997677599068807
Otu02121	94.35421964817074	28.717594599423037	-2.3204955165776107
Otu00307	-85.23830647831647	17.067110397677922	9.141515980920103
Otu02225	-93.09740548346107	18.759733253910515	5.102506356106014
Otu01847	28.356430682510585	-5.742057697337948	-15.674203084062603
Otu01708	53.80971876155859	9.143844062673228	-0.7457640194580943
Otu01852	24.299578656073688	0.6312332187058701	3.8295126675492925
Otu01878	-52.068050583666846	25.18523645382623	-6.688120919376816
Otu02026	-106.18957004886663	1.9303844392891463	-11.290253303136952
Otu01939	71.34190785544897	6.885616237069038	-8.604182199636181
Otu00838	-61.531184889250575	8.507833121770009	6.750007690465573
Otu01359	58.51398336165237	45.48879710391249	-21.219942173951086
Otu02217	93.31828179866153	13.340686447076443	-7.3693471808077025
Otu00990	59.04009373381032	7.667341151575321	-9.10051891008319
Otu02040	-10.227173174526243	-11.249506170489699	-12.949507021922145
Otu01221	60.691562771032004	2.487840465262355	3.986491663194276
Otu02300	34.877292240259365	9.463196979494269	-15.133100545662952
Otu01856	5.642590957548015	33.359665339192006	18.244140766223005
Otu00731	3.5991923896659324	5.17639552173732	15.051150069486528
Otu02493	-6.688305165869963	35.897549515752125	-22.771889257019147
Otu01534	5.299681884148087	18.275533316308373	-7.961424367491597
Otu01585	-87.90974170096746	10.335730467670283	15.4633191828506
Otu01898	-56.02053155752008	9.847899942187277	-9.987901604447579
Otu01784	24.630822402269192	8.929391724679766	10.655045823219636
Otu00944	18.225463112722167	24.808595746329118	65.07424541085201
Otu01914	-80.74443891329958	26.991892695602598	7.253551886986077
Otu02327	35.66738071746778	57.05392426549567	-15.563026122687301
Otu01703	25.956907242709402	-2.810498138583708	6.404223762661281
Otu01800	64.09018187323814	-6.497772309154719	-5.792323515897381
Otu00702	5.236474436329848	15.006949645478995	-6.376104911161976
Otu02059	8.240360442207173	11.891938462860882	0.12426868299110157
Otu02402	-76.20449295326291	-14.188069624880885	-10.057993599314479
Otu02435	-8.189615107033529	15.963835453731821	-40.04485448194171
Otu01778	-89.39143379652577	-1.5054930092381609	7.906859513353333
Otu01830	-14.6897210278326	19.733419274751455	-23.559808679316028
Otu00334	77.43047853781663	9.417093731718627	8.628529554908196
Otu01028	-78.1716181422758	7.779023552539395	-8.81998441914678
Otu00557	64.86644683069379	12.377823598453697	4.353866211142736
Otu02104	-77.88381531645635	30.040958844313394	18.16640985097761
Otu01154	-62.26385093086966	2.5744579905890874	-4.841834867633824
Otu01065	-73.63650916224195	7.98971555572813	6.197040405869675
Otu01773	-79.84261396759436	17.51135931542053	7.739577897732445
Otu01641	114.78481295005318	42.02307939754394	-0.6771081180660992
Otu00926	32.086451969426236	13.529183819935001	-2.4572672333866823
Otu00441	-44.16727745390075	22.572508115584185	28.83642084538178
Otu02682	52.25632638743515	-1.2470571413358635	27.842684009194457
Otu01739	2.7241359375967895	13.936245728240499	-2.934474638593868
Otu02386	-40.62215141167275	22.187972192727948	15.468110571113575
Otu02093	-95.45159753697679	-1.7798044552795504	-9.795311542349406
Otu00929	36.136163655194615	29.276798637966564	3.101852881184776
Otu01550	86.50375893599936	5.837132869921097	35.081753390273875
Otu02153	-19.023823176785264	12.562947889429273	7.383159914107805
Otu01566	-93.48608553057694	22.023070932101255	13.121384878424882
Otu01987	29.76710728346544	15.01118034648804	16.566482468896798
Otu02220	76.289298760648	-2.974471897930868	-14.381404945648626
Otu01186	-48.78969135515974	30.34297137996988	-7.7041279779766
Otu02148	-151.57921125155906	-25.46135230134894	-31.214478287572785
Otu01890	74.48673004837335	6.589755404868744	-14.302893861497544
Otu00921	57.330679026785766	3.905675168968906	13.741563831869298
Otu01738	2.313147464622279	1.261991678827391	9.354965507081237
Otu01883	-80.9132302317084	16.961647718824644	5.884493452983343
Otu02023	38.48387657008098	-6.0700045424367906	8.748895473477708
Otu01179	-51.935207985025556	21.851260062853047	-1.0890948452988074
Otu01565	4.360996534341563	6.281538219439159	1.004489106202859
Otu00728	-19.285001036587516	5.920556437824265	-6.498634860832645
Otu01797	-132.2986306670612	-14.102863039756306	-3.6645510371580934
Otu01421	-46.9179100996051	14.803014102260835	-11.053398837989446
Otu02123	74.3187174387727	23.652828767559203	-14.81907082407269
Otu01218	-73.88067082141833	12.144303081597545	-5.4576464476699975
Otu01484	49.758897843347505	-14.251315348608786	-8.63395008122539
Otu01519	-52.751112134475356	25.390688747567655	4.482122588972291
Otu01101	1.7899870093359043	6.479950165574426	1.523097750366617
Otu02341	75.813783251524	8.394991644480019	3.1655389892196357
Otu01430	-44.64858341577492	28.34492750209629	15.974694999355373
Otu01233	-92.21509976841963	-6.953953619854091	15.006483353493037
Otu01782	22.124712664152398	5.3554475924266844	1.528804178022653
Otu01988	23.120707286464665	-1.2983476839607673	-13.212721877764281
Otu01599	39.16827235112033	13.151704365724722	-1.6862765395332147
Otu01992	78.81318500321929	-12.725572337318159	8.726802477337916
Otu02182	-75.82554341586402	-4.414730691430062	-20.10136283125487
Otu01753	66.44521220394648	23.18739276187527	29.968105454478824
Otu01695	36.99348988903965	37.36759038582828	-7.107805949991057
Otu01275	-44.69241582901596	10.737320509808603	-24.262150775029987
Otu00772	16.690650577905178	8.441149941990037	2.055546207944348
Otu01250	31.190589212273373	-2.102920322634436	12.800031534217995
Otu01508	-95.56979252236606	7.89701953927495	0.7009695002516144
Otu01475	1.174282772757113	8.672018842957993	4.603700343275856
Otu01757	-93.2255590660158	-18.444144704413226	-11.249120384356944
Otu00978	-64.29446591536887	24.92009674190305	-5.652269436821414
Otu01489	92.60629974001637	-2.2065789165517544	7.547109888652183
Otu01976	-104.23424044271276	-15.001863653709036	-7.296407697977064
Otu02116	11.908159599008679	13.874022221994421	-26.580778829292385
Otu01545	61.03570305502243	-6.7018781091495265	1.0594440522425579
Otu01948	40.52245737428245	39.98743725260738	-4.178439559359168
Otu02181	-13.149181516131655	-12.580478000606433	-20.108025226642326
Otu01772	-100.15470781417089	-5.3748396639491505	4.964151110258759
Otu01639	-114.6464349644328	-12.169529384137949	-3.7926658266106146
Otu01709	38.14310779808014	20.08523943879091	-8.57050838082843
Otu01175	28.059318019014725	-23.443212401246857	-32.457531048336584
Otu00549	25.34627997823613	15.424756337426816	17.031559767602868
Otu01591	73.268096368336	3.174506520604941	-14.47277307796854
Otu01400	-29.20616574014233	-3.595506909482193	-14.13069949166002
Otu01361	31.89759626462335	24.417029619183467	7.93174726873004
Otu01407	24.718170888811322	7.001163765789965	-1.5268775457713137
Otu02134	57.42046958133033	-7.897211493896128	-14.794411280368031
Otu00669	-6.40577183383424	11.913582571394185	-3.7674230846504138
Otu01286	-55.41160361367083	14.788321297662256	-13.061058067222499
Otu01201	30.848890468396775	12.735738365281044	18.458668331645175
Otu01795	100.54363064048073	25.905176586486466	-16.27259010972165
Otu00999	-90.52711964899156	-4.075195313295218	7.1260472354712086
Otu00452	44.80660280651947	2.61541002470897	17.107562751224975
Otu01112	27.392130129928418	-3.6708380648649412	21.178904630096163
Otu01276	-77.25850981026468	1.3794308100955854	-1.5914218184483442
Otu01478	95.95849663954093	32.497461620882035	-6.437825130930885
Otu01953	77.8360109663761	-22.807634297034504	-13.722104436811444
Otu01127	4.920538823217205	-8.030894314035988	-2.717914358553525
Otu01278	-79.92172315974238	30.632901294816442	18.374444324084383
Otu01751	21.802436967644148	4.064658335090015	14.624139641903739
Otu01507	-62.278514017601026	20.174999355294073	6.686734927401641
Otu00584	23.555467283764507	2.3687034632048816	9.928292706127436
Otu01877	44.28970755220959	22.45093838001571	-41.78478482090888
Otu01503	95.01624550282361	-7.887964930595275	18.620272575341115
Otu00279	19.144703160061695	14.589797992698486	37.298876547636944
Otu01334	23.186119111528484	27.976310965909178	-21.527503436393193
Otu01697	14.82061359858472	3.9334560443382984	-26.50182911893789
Otu01644	49.581814713848395	-6.454944704047759	7.250500709577367
Otu00842	36.87844147276413	-23.052508311899608	14.42940049687175
Otu01446	55.43733370091789	-1.051551759413118	3.3528910498975435
Otu01653	20.280749148803046	13.685955502477626	7.408785827345714
Otu01668	-74.75302084662653	-2.1856508815626605	2.623164342719598
Otu01854	44.29145214505236	-7.314910744317158	-3.8234809392175606
Otu01094	5.833672143736171	25.620533808068004	-12.217505774104518
Otu01366	71.3777524648356	8.76764644274936	-3.377324479418774
Otu01499	4.519303985582697	61.351173725097546	14.512518054015073
Otu01184	32.488660857269686	12.845955570343879	-1.3018142841003337
Otu00953	-59.012173187887846	21.326028468647408	2.4019027140585494
Otu01086	4.596034526949248	41.79644091198216	-47.35736561186807
Otu01009	19.947609189758964	-8.311880603650637	-1.426862270516101
Otu01369	59.15434448916952	9.060855408865134	20.799215493837004
Otu01502	35.66626651545214	51.3431829971916	39.2282223912984
Otu01867	67.34824252475548	5.432722627422715	-9.34007059525725
Otu01479	-123.55816303580283	4.8977980174442814	-6.0936138198695975
Otu01741	-125.65293624472153	-6.946589032149196	-14.633760274653651
Otu01558	93.86612661261525	-14.140613262751328	4.10264655078041
Otu01826	-108.39814932440422	-6.8761103446458876	-10.116693612483123
Otu01540	-92.82632055544086	0.559189453897449	5.944536022520252
Otu01271	-6.173210696420047	-3.9087776167940183	5.660521621343551
Otu01687	-58.945866363478906	5.254036298532125	-19.09376136046972
Otu01909	-82.98580552329055	-14.848405961916596	-0.6297041627613065
Otu00913	-2.160529781996408	9.449142205447382	15.334349115476885
Otu01853	15.754906846568193	-11.194874864172759	-14.333372135364868
Otu01111	-84.79372317464673	-2.2851346838433155	2.4657769621887224
Otu00747	-84.93792146275307	16.14784589953199	10.966342795616507
Otu01473	16.77921415057969	20.37425147380015	24.83643582021176
Otu00754	-18.40442894905275	16.91941657126494	17.667775115285075
Otu00959	33.921797535995964	7.194110750702774	31.05393124825378
Otu01526	58.408896886991556	7.34930723511276	2.394856725289588
Otu01434	-109.74831061725133	-12.025574673532928	36.46434808626268
Otu00645	-70.34068742180568	-5.566348096655522	1.8130790792970206
Otu01578	39.23103870253028	17.132803649149874	-10.098705612497938
Otu01618	63.390711150313614	20.739007530746353	17.83716498506182
Otu01490	-10.555998211936124	22.608146024718906	36.056419727821115
Otu01079	35.781988493519194	5.3090594327532	27.386512089654705
Otu00972	27.413720324568825	-24.660530058240873	14.055904708192736
Otu00707	19.169613326033012	-10.409133714946114	14.26073727899345
Otu01436	82.82724378487734	-8.751185315667644	0.872065406617924
Otu01262	-69.32013242446948	4.9873228126801115	-1.3207945482739802
Otu00697	-62.36532083687092	11.740743078781788	-2.8799647806185473
Otu01453	-55.45755993572076	24.139028819567557	15.52482427586129
Otu00919	61.296005485302885	14.898985092744944	9.724428453703432
Otu01467	-81.09760124760045	-8.711444601967058	8.469900189167438
Otu01427	-113.80657509019792	-16.878945412699714	-2.8855992858619146
Otu00980	-14.414200505753179	-26.52883061554413	13.884000279260448
Otu01070	7.818116440044795	18.051815293183626	-15.187895952004855
Otu01886	72.39368556657249	17.31084587173981	-5.699112438885257
Otu01317	45.59235433928764	-11.418668793404658	21.034701651766554
Otu00727	84.07474489151177	-17.616161045511145	-4.7469730206998575
Otu01281	45.95623702284364	2.460174188476735	-16.22097243268374
Otu01277	38.650572173597126	14.957840630961075	-10.87822870228296
Otu01426	-120.0237776799228	-17.043928588601304	-4.659089566255349
Otu02006	18.789745460316976	27.725010948274495	-5.414300949294541
Otu01054	24.323001104485012	-36.812392946994855	18.160732065332837
Otu01667	68.39593377808477	2.79307239807285	-7.446693710827052
Otu01310	84.98028871025286	3.961119510383318	14.696913213174335
Otu00461	48.11318951991794	7.646767178510177	22.144133551133688
Otu00764	-0.18014463149023766	2.219490180959774	0.13391514753200653
Otu01601	-83.77555473141597	-17.440907166286788	-8.971948218256358
Otu01197	-72.59326428700663	-7.765168941125758	-4.492852687035656
Otu01424	58.61576287032757	27.053909907351454	-0.7835842344172416
Otu00531	-68.70548545908846	6.413278760955121	1.1334568068529205
Otu01616	-103.67821139176387	-18.500614052938598	-0.5689606250495789
Otu01637	-76.57152389208423	-8.325274248111587	-8.658911886646308
Otu01123	-93.61588013037557	-7.9139900122527775	5.532217281048559
Otu01669	35.66373064767507	48.84797755558363	-3.36027393060428
Otu01173	42.20043257479866	-8.32849868998939	15.77606720884602
Otu01610	73.75237088439971	33.40519348141262	-53.62167424370795
Otu00994	-32.31035432958372	3.1746338841357917	-18.7063718720206
Otu01185	-48.015464857445444	22.066930122546605	-12.339986822519458
Otu01168	97.23190514975137	-14.177874563592457	-1.7901839753423847
Otu01494	66.68977877170437	30.620404279665262	29.092447960675823
Otu00868	-92.55936729165613	16.29815371021452	28.4228127821785
Otu01442	36.11880520386564	-5.371126845718452	11.62941927230496
Otu01145	-76.2500839384004	11.946580922474796	-1.5456176654218607
Otu01377	86.45056568740799	-21.630950693552133	-7.753289744737468
Otu01293	-95.2706689410497	2.4153078569506317	10.663368120768427
Otu01624	-2.29720719199099	26.660232835046376	-5.557581021531556
Otu02331	35.757260373803085	3.6066287864783018	-11.19499476637452
Otu01553	-38.909505556239836	-9.753577651714807	-24.006179585900508
Otu02042	21.861932209648874	8.855021786235339	-10.017701546705354
Otu01225	44.321701412515964	9.377517637830323	-26.905776759320002
Otu01832	60.47994844901165	-0.1623215924117239	3.616997038938835
Otu00303	-70.18473800565651	-5.346469264465675	-1.2987167789364882
Otu01793	-11.28589860607776	-10.077029143318969	-21.200303483198667
Otu01047	-54.31057937974838	5.317234131786109	-4.432102799343955
Otu00119	-3.097511327518188	15.978262982871561	6.83371973017209
Otu00891	-98.02896853792849	16.91892283409515	18.45869363764069
Otu00689	-90.42401976584941	10.876810561612569	25.765634212510218
Otu01440	-113.19156925110946	0.5334798307034037	-3.79222753093155
Otu00946	-91.06624858636293	5.989674007831038	-4.635510136772108
Otu01312	48.56188239972189	20.2022166263768	23.313904529700718
Otu01363	-89.587813859495	13.862689859650628	3.4754951563110184
Otu00210	28.358347550838737	15.42462293578162	25.216939024189095
Otu01491	21.24267244690046	-40.47124176228352	-10.162245114064184
Otu01493	7.707515953786016	23.947913812726938	-19.89190809094671
Otu01609	-55.54331096510217	1.7192434165403772	5.7609872263850574
Otu01332	-62.97627545962361	1.5079881948613958	-4.877524733027195
Otu01319	26.369253603854233	16.727005561391426	2.6111169525231506
Otu01980	0.4034489305647586	22.558584487991222	-15.322006415437102
Otu01107	-60.06103717869237	22.64784335672721	-11.035686542979532
Otu00974	-91.95947266316202	-1.4619703965645692	8.06424536566809
Otu01596	-78.39903417511591	-1.872679859816062	-9.419477293976106
Otu00966	106.51475011384247	25.21124989380046	-22.38463987698484
Otu00118	-94.10764216448246	-5.534226393283917	18.495862117157337
Otu01456	30.73357751683118	-7.205281391993403	-1.5229734802073502
Otu00877	-54.237317159195314	40.42066589267634	11.260444640929162
Otu01775	56.51274410128981	-10.562215391784294	28.063833974725952
Otu01403	46.17618553234465	-8.96640531378431	-2.5345291675439867
Otu01357	-24.16750166697499	6.437918638458763	7.5171853798214805
Otu00964	-118.5537602716238	-14.552247993828885	6.140210164958817
Otu01542	-23.768715987523972	19.784222752015495	3.2692242115652004
Otu01954	6.388843559615735	40.940744528799826	-10.380192959209518
Otu00961	-76.49915781491124	-4.348823790075139	-7.917279497976325
Otu01579	20.4024362985388	27.597839532628498	-0.8023345588569505
Otu01035	13.248256931754062	-13.957098078758067	-7.75074007160359
Otu01060	92.36698891263292	18.638652000316966	-1.2184243377086628
Otu01159	-70.68570380326553	14.227688589403128	9.886458449635327
Otu01326	35.62841160246259	11.963594774121372	-4.009466792723109
Otu00482	-74.95702723231902	24.963302773303113	5.692910020793631
Otu01301	19.714582651792817	16.09997977017067	-20.713665513611687
Otu01448	100.04353987069715	20.228656788831547	-12.923316945774912
Otu01497	34.584517306131666	7.388171276338526	-4.625234901395393
Otu02018	68.59329253493208	14.803844349608694	-59.532691839253836
Otu01246	33.98966022496898	5.807012512003161	-9.623319338956112
Otu01205	27.826978596671452	-4.4546680309298425	21.92964825242246
Otu01240	35.376459476243696	-2.210936246580186	16.734001023844584
Otu01423	99.3221351023107	-30.1431767795871	-1.6607214754591888
Otu01615	-0.18786055867738033	-47.288829089898904	-30.758455280317502
Otu01568	-75.97123518542816	14.951322313405218	0.0706039753522852
Otu02041	0.3301117361204819	-32.948110309485564	-18.829473953935736
Otu01130	117.32417301074992	-51.51494520451613	52.49175209769838
Otu01150	33.96260616487657	-1.4138856174649153	4.938620400784001
Otu01163	38.54966128343624	0.15748869771031793	-4.24488508238575
Otu00795	40.04870519549686	-1.7457224858564433	26.596028661300004
Otu01486	37.59407674683065	-7.537957508597489	-4.4676840618872165
Otu01537	35.512005960529905	37.16064263814331	-0.3493015948296759
Otu01272	15.680664553566686	-11.935616954459114	-8.34104240483506
Otu00752	85.88489320103925	-33.41403786533724	-1.7377780307900401
Otu00949	-67.82516865614348	-17.954658624278807	-9.284725567737587
Otu00588	-105.89371263469242	-13.501425884871447	13.137481468162658
Otu01598	-80.81700420642986	-9.632402025151583	8.934673708458831
Otu01463	58.47394971801674	6.280131010190418	-1.9431551535464169
Otu01603	21.951961510959045	-13.110862809902775	-22.687438553870937
Otu01431	46.96014735691123	26.95655243160981	-72.05380621204465
Otu00807	-16.53320841365189	-1.6094702301897355	-16.97544057938631
Otu00341	-26.199803095555335	17.84443275419768	11.540630918336161
Otu01422	26.104949682732975	-26.738905542246478	-28.021852319587516
Otu01573	-140.8941840190904	-30.189244788709853	-16.884871524037745
Otu01512	-139.04452773802726	-42.4271399356478	-5.505701245641878
Otu01786	77.1657802153737	-7.225255229166766	9.546287621061726
Otu01051	16.59826035241106	-7.68647262131248	2.4312910000545034
Otu00602	-2.7194536666049545	9.85666305524703	15.198099974278572
Otu01282	54.63612734080635	-8.268131506204906	1.4369554227170276
Otu00859	-108.24491581622864	-34.88996913853061	-6.584063167775577
Otu01404	-48.84142075841941	-9.814230339358543	-7.29388119001033
Otu01057	72.28027268969501	23.384275574385846	-0.9556167381179278
Otu01008	-14.787378320665178	13.6253916370203	-29.08600296980412
Otu00811	-47.785998754622305	5.726471338691664	-13.555148483283077
Otu01284	-139.05245119886175	-14.880902139337726	-22.12204756287667
Otu01075	84.90850539687821	3.532748335859823	-13.930681679273336
Otu01364	86.77440072293268	-4.480974446039046	1.4024655902481546
Otu01298	42.685671809898125	18.122137616573244	37.7562320219977
Otu01379	-102.65414507777871	-2.6391358091493045	1.4952822449912446
Otu01457	17.831275976933778	27.557938811019344	-32.78735807900584
Otu01260	19.13610413608017	-13.0125453371823	-8.363961220229248
Otu01071	-69.23271364351598	-21.570002045403424	-20.154029630726214
Otu00987	84.48173650402934	-8.11862999682243	14.75948292916077
Otu01138	69.63339250778581	13.521592688757986	-4.161513274709676
Otu00732	-84.5579904156612	6.059989273722819	2.99219494264467
Otu01441	41.281436461307976	-14.582645756566558	-17.51259886642624
Otu01267	80.08614802926166	-24.354846918781305	36.63162324878884
Otu01341	-128.0716179824556	-30.470639567271434	-11.368646397439912
Otu01385	95.30244071577336	-31.83342223310177	-2.0948510821711404
Otu00975	39.27512049358162	4.80105921772037	6.9865955727041325
Otu01090	54.74110066045356	3.050436564271382	-20.410018467644978
Otu00850	39.274636258897196	-24.48880247918425	-21.66211825833742
Otu01353	38.30222104763685	2.345435183696101	-66.62698013101279
Otu01289	18.11408429874312	31.806268623755976	-13.037626544397488
Otu00693	-75.28181184708527	-6.475220273978695	-6.03428276950994
Otu00866	29.00770728498008	26.470046950185292	15.019997077034693
Otu01303	43.69592453246133	-1.9507378371352853	3.5132638418169893
Otu01554	53.77562116871302	8.9892351707615	-85.35303288000178
Otu01285	-152.98861009752372	-36.42745750016032	-32.37913109048992
Otu00861	24.207403560992688	12.905485146487587	10.532817269299384
Otu01207	89.58886199226203	-22.215965573127924	1.9491794847872812
Otu01061	-88.44074411846955	-12.230654299969503	8.728625244289617
Otu00638	-37.336762459291755	9.930580854200672	-3.3115948015688885
Otu01389	-12.585178958213671	-29.23217470426341	-45.782890168068754
Otu00402	-57.25390847070717	2.5620858395522754	-11.739127613845636
Otu00699	-2.0614508814067043	-35.94812540520337	-14.351989347646482
Otu01227	48.692892832138895	-28.426669869966094	33.88134484435425
Otu00897	44.97757853400166	-1.5748866666670853	32.67649953413892
Otu01134	38.410799597428934	-7.25367336960774	-9.27955477625135
Otu01136	-99.53380637193906	-17.777132827943376	8.787665453534936
Otu00625	-31.073891385925794	24.94856663183148	7.017939406822341
Otu01007	-92.10041686422589	-15.499987748840454	8.392343318314387
Otu01198	10.9413982216482	-31.275825010367683	-2.005059180305684
Otu01378	81.00929784327435	-0.17177551539646813	-56.8243472134933
Otu00679	-71.98459866584005	-12.642024152067933	-9.807116115116308
Otu01270	72.73658821661543	3.9094440861815105	21.73115631584578
Otu00568	-61.78968436957908	6.759015307944581	2.3383802717038344
Otu00854	60.26226146131198	12.985711808560763	15.340269805771317
Otu01395	33.0563734870115	47.482039441546235	27.10671972440778
Otu01132	39.331384899901984	9.526460516590761	14.936166778056558
Otu00819	45.25092951842484	-25.12636799105142	-27.686472910037935
Otu00963	50.71153877664312	-17.532260498855234	-16.218467272897264
Otu01027	-111.39743018016593	-22.014464589622158	6.6252427097082425
Otu00627	-26.187242658837736	8.6304502716713	0.06571473531278793
Otu00791	-48.57138511583969	19.516379051570002	6.958810438262185
Otu01320	38.35637164214595	18.807133041494996	-3.960178614274198
Otu01181	59.56763659571373	0.8781119650624798	10.06415428683407
Otu00478	28.236496179417312	3.85406372213791	14.160318484662591
Otu01083	-81.45997812597642	-16.66615533535266	-9.328080538393046
Otu00428	-62.145310835200796	0.030344326673114673	3.722885197357568
Otu00788	80.86993719782409	5.965660051719365	24.404101160026173
Otu00935	44.526916273213196	-2.8265009776900616	19.74634475316006
Otu00663	47.32320798585101	3.3283162443950225	-4.609802056485773
Otu01128	-86.89076676617933	-25.165948192670502	-12.390082157397476
Otu00271	20.9192776766899	-33.13630093231169	22.765576697559005
Otu00884	-95.13715933833859	-20.625863171199164	3.1664317690799657
Otu01209	2.5875559092599034	-11.92172521181824	-17.531915798879318
Otu01458	66.78117171119784	-11.86679761102725	-8.46858556197862
Otu01294	51.82680927356193	-20.974278392925683	29.79612981261365
Otu01380	44.72091989293466	-16.604144613678297	6.0758538606831065
Otu01015	-49.05052633356854	-5.560646701857807	-2.8669898007902543
Otu01158	-98.45791330848367	-29.57745419221694	17.16693847279476
Otu00956	-91.78279649672481	-9.853007176795199	13.351123271773249
Otu00802	-102.41237469530583	-13.233270152811809	15.392748940507452
Otu00649	-1.2022658962569293	-0.5658600113805379	7.137581136969766
Otu00797	-65.9218194826227	4.946205023951896	0.8551915028219703
Otu01117	-12.56012089810526	5.359901695843758	31.004322102637342
Otu00874	-68.87377872198324	-4.152160219683758	-2.613792275514022
Otu00954	-91.25966374101719	35.85452827162233	2.018845619890079
Otu01000	-156.36399585385666	-42.91735767752217	-31.749022852012917
Otu00857	87.81083956172796	32.82495397802733	-11.851865645689648
Otu01016	-132.10352484405516	-45.870841484570505	-17.851749458436917
Otu01194	16.39214516069177	-3.5869544939398064	-6.055153097948807
Otu01143	56.94240536298711	21.01126643035203	-7.118440197676894
Otu00947	63.08800279978734	13.07952806123532	27.162841708736202
Otu00933	44.19829881399684	-17.631286594009254	30.80137952205324
Otu01115	50.921158255562204	-37.63293863064165	40.70392852122591
Otu01451	21.552036746870424	-9.958041374592973	-36.380823332624665
Otu00843	-64.16932370363166	-15.611052131263614	-1.7220061122041246
Otu00737	1.3383919498631696	2.4055726384960816	5.606153400703497
Otu01268	80.32194469282385	-10.373396017128103	9.127238336374562
Otu01091	-107.63964114286158	-32.15772455250692	9.31072971252842
Otu01030	36.455933073704685	-15.585075432880215	4.314728716546329
Otu01056	36.94355137906295	12.797359791896717	-9.168810227779586
Otu00798	62.751855127736874	-24.389428381810074	17.040430264109514
Otu00967	97.03966330250621	-14.647110668143558	8.960825314289343
Otu01031	-0.7976264004758357	-16.51243072464031	-7.4240589034716225
Otu01077	29.1357012882931	-8.864087911143978	-50.60891633241172
Otu00923	47.45613647537721	-26.044196394322086	-21.23986319406172
Otu00524	-89.0417636581223	-8.257247565298313	5.519350876564306
Otu00930	52.51565069413054	-7.859479147344344	-3.9904222851187456
Otu00911	-62.891189050131175	-2.3587007169643943	-3.4628597224149917
Otu00856	53.188687881065896	5.026844133147495	17.656274546041193
Otu01037	39.4372933416348	-26.098378083091024	37.845264786425176
Otu01095	64.10049072929375	-63.79596026524126	27.736911704316714
Otu00943	-120.07507253778084	-20.42696683610938	-3.2079692290066855
Otu00395	26.485753308590436	-9.925989927677517	9.301716422720963
Otu00917	-118.36316556881289	-29.451857467564004	-7.59809481738903
Otu00837	-19.08266158217856	-8.708272818219367	-9.005136701669956
Otu00784	-6.788862646973875	-8.845807452314336	14.325297620973291
Otu00918	66.59334070246989	-17.179721677685134	-4.521404493597139
Otu00616	-73.37729427892695	-9.268266581021559	-0.15549187657395575
Otu00760	-97.79367524277404	-15.166381357271066	-18.664769797658796
Otu00817	-81.29506639825658	-18.198175443545736	-1.5087625608932893
Otu00871	12.198576823161394	-42.40746261083331	10.920856736594736
Otu00973	31.822675641925283	-10.065558686256727	-1.683770432523426
Otu00676	63.702472577542814	-48.951225323200006	-12.814229489435814
Otu00563	-70.09935782946624	57.56817786137707	40.9092944376753
Otu00758	-2.3136319671775656	-63.40239542783447	3.7746075863205415
Otu00906	73.70127851324686	-1.0063375070485245	12.648715844019904
Otu00982	-13.81244380711732	-18.107728915200504	-23.864029344001587
Otu00544	-82.2221736092541	-3.455363390481724	2.3540728088678353
Otu00599	41.936084195781085	-9.731079416971625	12.848949065850288
Otu01042	55.31455958382272	-37.96393974946016	6.835579253042014
Otu00830	41.44950329808905	-4.198136405049439	8.771895563187886
Otu00628	-98.23634026083647	-9.968979794413967	13.807674934735946
Otu01011	-114.38692982612648	-53.748269104230765	19.68957775016958
Otu00583	30.55390440384611	-27.0038431096293	7.698955910437858
Otu00594	14.3936496625554	-24.457811888773723	-11.563633886175802
Otu00810	-41.33384557728751	7.50432829780317	4.393534548442532
Otu00659	-104.99842851297774	46.705031778399075	66.16394207172192
Otu00938	34.83855573317046	-7.197756550064455	2.188658952815221
Otu00860	65.97105547443223	-3.791578149032154	29.958115705051238
Otu00865	84.23840087436587	-29.098561876849924	-17.410105730665467
Otu00880	-121.03995636074531	-19.15926436627439	-0.3003352219598642
Otu00790	50.41515728446595	0.8054259915836656	1.237411378861099
Otu00878	57.79815152533797	-48.28360519160052	-5.465071631821101
Otu00809	57.85378959316851	-21.033297390409036	21.041168497309776
Otu00986	57.04101790854904	-7.781753000303856	-16.693063614507683
Otu00885	56.11228338074073	-25.027697461955533	18.63306841576749
Otu00879	-47.47772046374507	3.6960513756345574	-11.955517433925712
Otu00805	31.952896946052007	-27.90229922150503	-26.629549250917165
Otu00792	55.83742163444787	-32.64942225160566	-8.637223175510996
Otu00575	-74.50973089622545	-2.863671464373549	-2.9325640530873582
Otu00710	19.170443930151478	-6.3716279358117625	5.605659656451725
Otu00849	-77.55968083788379	-21.7734330186396	-11.440590927207477
Otu00675	-71.38053195439095	-8.348184420037027	-0.6454427505053717
Otu00713	44.00360056370641	-51.57009592990979	-40.03504725410589
Otu00828	60.49345569113718	-16.61935242603252	29.974233701633285
Otu01151	37.9389299474383	15.377375226482584	2.9598892272695454
Otu00013	-13.342465241512047	-12.00700395158415	-7.9741311559991015
Otu00955	-28.917542865671074	4.564408274376488	15.305066622531527
Otu00932	74.62314625464553	-42.861903666201236	3.0768278993134643
Otu00698	70.01733702226043	-29.54684561571459	2.4873212082410423
Otu00864	-62.83870130131297	23.63158171511291	9.472160737028059
Otu00672	-77.27848439025091	22.068544790855864	15.173514668768611
Otu00681	20.893224492844045	-16.155965055920525	-7.050721807346092
Otu01025	22.50109490577285	35.892899710012244	-24.709693892476018
Otu00773	81.33425748817304	-52.204880041225074	-10.473006238593658
Otu00662	40.05830278410595	6.477705537272109	20.120381612132515
Otu00801	10.421608855587191	-28.36220568275314	-2.761850014730434
Otu00765	41.60131214162048	4.5232052186566305	-10.343529048191199
Otu00909	69.60591710014243	-40.57492135410488	7.2922842080016546
Otu00942	-105.92785783292187	-18.173933936288005	-3.7076967887126324
Otu00742	26.414597401701666	-6.792046944296486	34.17044991310717
Otu00821	12.470247684943157	21.699379866722534	-20.791566933489054
Otu00283	-103.68140043069661	-24.86809675301067	-2.1420158704479104
Otu00294	-18.71544882324458	7.1633161576984925	8.361037821836616
Otu01362	-8.756879212694367	45.551799013180165	1.315692440557646
Otu00658	-60.56266038995384	3.671478005272309	7.8202976504085635
Otu01073	17.335905271874335	-27.744952564471962	-17.73629806406439
Otu00726	41.32258392559043	-7.991192896925464	-2.523161401308943
Otu00671	37.04885969037114	-14.641019867144704	16.158166821978106
Otu00768	-106.26345833999794	-35.285892938408615	-2.7178056421973698
Otu00533	-101.99161024650904	-17.428135988713176	19.913991981412014
Otu00556	13.591408596531503	-1.8602407962131693	9.391022726608773
Otu00636	-104.25975945128583	20.802266877315144	31.463193916516403
Otu01204	48.545229673772475	-6.537177372044119	-77.95143318595902
Otu01343	59.774804315962804	-16.55952367389831	-95.77041592366837
Otu00733	52.69345617362261	-24.549859148312212	-37.37115260667653
Otu00714	-109.10559216509908	-22.93411684338798	0.8619158490673491
Otu00673	-65.64557848995159	-15.810279753107718	-5.469618747785373
Otu00872	31.27140088668316	-39.103829985248645	6.27351693761075
Otu00631	26.45084030355303	-2.30155079244703	5.518254864927027
Otu00748	-156.65942448958518	-56.531635919050494	-15.207695076321684
Otu00741	-98.74454507294139	-31.87122545312418	-10.813919912826393
Otu00164	-49.797277266812586	9.877857847433857	7.8690704328491625
Otu00364	-117.28789238980444	31.819063584042574	109.4025592207443
Otu00813	63.59956689429034	-36.631592723234625	23.888396367741223
Otu00841	160.90980671913695	63.91120334193086	21.737910503999224
Otu00709	-78.18501603098267	-5.110296028394661	4.034473985666381
Otu00435	-51.32474116091707	7.451850612006129	3.295138212491806
Otu00722	-24.101717824398794	0.2917144413909722	-9.783412205540216
Otu00774	108.79564262713953	49.02517859311068	-2.7867070794055357
Otu00263	27.843004809199083	-1.8346669068440615	1.1255145326038904
Otu00499	-29.338663490941382	-11.590307887234664	-18.611924769873134
Otu00491	-91.67062033751812	-5.815286645950567	11.752756231838273
Otu00833	-21.090103313226287	-19.000397287505518	18.12080782015991
Otu00572	58.816402013137456	1.6100692730730228	66.66994121688529
Otu00515	-59.09846639653457	-2.5159622396967065	-6.277246447612027
Otu00892	12.251978619198853	-20.05144294243981	-18.01663648292765
Otu00771	-58.11689729478867	2.9641245876677678	-4.717563733145583
Otu00434	-72.93763453163446	-2.033311582162114	9.00695569356372
Otu00965	11.232119026463733	5.141114039976112	-35.23784263622121
Otu00576	-92.3295387838443	-15.07831480857619	7.9720981453717235
Otu00700	41.92038186386445	-35.629273904322645	4.784463608398087
Otu00587	-80.51632896469246	-27.633979164242216	-7.6144533824134735
Otu00761	44.49072084306969	-15.653007451628612	-8.0204117560498
Otu00570	60.380390327129184	-26.982332467176352	19.663114423758778
Otu01300	11.472918650187202	44.19741177678847	-5.948778782081419
Otu00344	-107.9036243811875	38.31073384509199	101.27319584651804
Otu00740	9.690519194178888	-14.458660181874018	-1.757335428976721
Otu00653	85.16582148386192	-71.02093248387615	44.60413246878536
Otu00093	-23.536748284757536	-10.152066374942157	30.373327625331807
Otu00705	80.82526594132379	-16.235484889189102	30.080798087767082
Otu00873	53.78072769679241	-57.30552976487481	7.2089859511775405
Otu00564	81.78505767787952	9.755612467017487	32.10523202126456
Otu00820	40.74440323693183	-29.651350903408034	-17.438349853109116
Otu00552	30.851643119833053	-49.45166751711617	20.196075153480475
Otu00511	-26.327703412683622	3.775022120627059	-5.352630295626841
Otu00373	50.75714766404008	21.91392678362377	34.985545663899025
Otu00688	40.37702594596423	-14.069209593708328	-1.6895626588367025
Otu00711	-95.81016605721847	-35.07677199304175	4.171147062543945
Otu00960	69.6974431947029	27.732795039713867	-50.7704830049781
Otu00505	-91.13530778869541	-5.476843945636691	12.218197726934509
Otu00744	38.793356640508	-69.66703399535837	-59.821340676609225
Otu00941	-143.61579401977053	-35.626046761743666	-17.932003239845905
Otu00642	-10.323646750779027	-51.757759050811984	-4.690768459237412
Otu01081	24.43123734763589	-10.04936870825139	-59.77301757577172
Otu00586	-80.48184838859692	-8.156127668878836	-6.317379199921403
Otu00678	-93.6367225947431	-17.08344581511413	8.554701544551788
Otu00577	50.04941159195936	-70.01343265386089	-30.462440291393655
Otu00633	58.92460118330861	-40.33349902808111	-18.797869076298777
Otu00882	19.2815289945789	-50.221705549942484	-1.8573528208413206
Otu00657	21.773646949487446	-7.848903238956732	-16.22820783284598
Otu00569	-0.8650281705515985	-52.834713452744616	-12.566681822219348
Otu00618	34.936196978779236	-15.982394233227602	2.841388884235924
Otu00534	-48.297540025551164	-6.786785778911206	-4.578467450609711
Otu00252	-99.37309754583208	-12.999253121192668	17.92469732470475
Otu00783	-104.00164376946564	-39.16880616208884	-0.31897300503223774
Otu00501	-93.27247153642998	-20.355416157513133	3.4108739002524264
Otu00701	-34.886529321705254	-20.448404631395753	-7.474482788298295
Otu00421	-80.86522754459169	-4.587768817905068	-2.0858589061430046
Otu00361	16.061275047966927	-53.72469488785829	17.679833896114665
Otu00443	23.30822531464888	-34.703494825941576	-0.9281052290589523
Otu00567	60.12422879158926	-17.850332173044066	-1.5637982355095075
Otu00903	47.64255922222855	31.458860960237228	-6.3576038663054755
Otu00512	37.83495248518066	-44.6997068530299	-13.73895223935703
Otu00371	-99.32506382980068	-10.817784393942837	15.455217074613289
Otu00522	77.57261411544144	-23.58124560302516	45.638501713466006
Otu00459	-100.34479542054893	-10.011253676515897	16.459766171475756
Otu00724	86.90068060925155	1.411315572240709	20.92875991006781
Otu00687	-33.66973633990407	18.483865832343515	-14.744294525789766
Otu00922	12.417400729437732	-83.36607324466256	-22.494309956680254
Otu00445	-89.71166078990645	-8.363954802249069	15.504682088554564
Otu00578	63.029620156780275	-23.520569869717082	2.486117703215811
Otu00609	-96.94999730019751	-18.362710584069173	9.296823277537742
Otu00354	-81.26136757799016	4.8889267371996095	9.59588595071498
Otu00652	-41.47890418554139	-14.847176921874349	-18.718052949930414
Otu00574	14.281655344734014	-29.62477329302215	-11.332154023748803
Otu00174	22.98717120632035	-37.282680283896376	6.684808934644955
Otu00665	49.0219000603336	1.5423460719860815	-28.622315588402643
Otu00719	23.378684943411283	-39.21701932814567	-5.497298889733226
Otu00414	40.95902802009045	9.066300375522168	67.04618537316956
Otu00470	70.25553316473527	-85.78840105362882	82.36010961065867
Otu00310	-44.884816862870686	-13.120998662151733	-13.280295741626077
Otu00600	-119.51192677352114	-31.89736329311504	-3.467466636663753
Otu00528	43.448745401601926	-10.706919809299995	4.954170042677029
Otu00770	35.947686646495185	-42.33708548397943	-25.77032432770605
Otu00704	52.59144405835114	-37.065192388366555	6.63521990714232
Otu00355	24.115772931553213	-64.27666691210399	-43.39605582277332
Otu00337	34.0680785041224	-91.56567031711214	-3.1662858852457685
Otu00453	50.79347415839261	-35.990883823274096	-0.6077100176797061
Otu00738	28.740864945025816	-4.510078233360874	-65.31070271049397
Otu00603	-21.04890654635318	-22.190418166056247	-4.052755562713469
Otu00613	-89.2689903696258	-4.710717099177784	11.808703428607188
Otu00504	55.35048704360815	-11.785073173216972	-10.33345428487279
Otu00629	51.22205456022648	24.40258770492647	-61.798909951456096
Otu00550	46.98994653808539	-33.99708175842517	-34.92854184903915
Otu00416	27.07997049484567	-64.85541745744447	-11.086092077721014
Otu00384	2.97775551335634	-3.9623008463711713	0.35519853970558285
Otu00615	39.38334719254768	20.319353695150813	-1.6555777161359986
Otu00420	53.92500448989707	-56.8701376369787	-55.10467363405577
Otu00466	56.28940211084611	-7.286628917177136	-6.440009662171159
Otu00834	33.94385343284051	28.252862696787677	-25.537524256342234
Otu00411	-107.30067312827617	35.23864161373707	26.746303924456832
Otu00622	-80.56261041373479	-26.44256323582134	-3.271029836787651
Otu00660	70.53445789980356	-56.7191357583563	12.10138095507957
Otu00392	38.98898508678724	-61.78916942898914	-28.92727414662189
Otu00464	76.49417967111627	-25.517484474356824	-4.959396167640813
Otu00439	50.533900507508555	-35.89970822261659	-12.609668980382326
Otu00425	-68.89333012009944	-17.314368899049633	-8.900230906772082
Otu00598	57.76849577796117	-27.143680584095414	-4.527204813713053
Otu00520	37.34736750613395	1.6723983726404525	-4.407300873708459
Otu00406	31.903254390925326	-10.109397517591445	110.81042263607984
Otu00516	-78.56056714192204	-6.293082949320806	5.353952685495445
Otu00573	49.076561457443084	6.322904011470992	-17.347889103521013
Otu00476	80.59259363500745	-27.800120122051332	-2.0694961983977396
Otu00554	27.671729558081378	-31.32021150536359	12.186192393603179
Otu00209	-31.962857649682736	-3.5801149242240147	12.553592131197947
Otu00378	-59.35640247864729	-11.823296800364627	23.54709371040242
Otu00715	11.10728759415979	-5.597487171892606	-21.054166779839026
Otu00474	77.83520435999016	-21.99988362794739	29.331310634840705
Otu00248	20.597393569948025	-17.352651491412587	30.98527024449218
Otu01211	52.720044236496754	35.84016225839814	1.7313641287125248
Otu00513	1.9030386307425355	-5.699522264462717	83.77314196141795
Otu00375	-102.83948801282692	-26.12495600888895	7.388257944064655
Otu00409	79.0075511871306	-28.883354534926575	24.20001281969389
Otu00621	-114.13242812049668	-54.32396293844245	14.113117025624527
Otu00181	21.91655941223347	-15.167202892995471	174.80918782987334
Otu00359	-84.30923014419739	-26.91658519937194	-3.3068241572456674
Otu00297	-27.654452374835003	-5.1483685831667945	-3.8265437663826516
Otu00477	101.66024110992143	18.66924479019067	-9.539307936811262
Otu00509	65.74264686350057	-29.868431634150404	-7.714477994194732
Otu00469	93.46039691089265	-42.889638028835	33.47120501017407
Otu00481	56.43045898520811	-39.057395247230346	23.007212274986916
Otu00110	-30.476855295369525	-26.083368862248705	8.511887978025962
Otu00456	66.81457127348939	-44.96151989771951	-15.631939488832497
Otu00387	-30.746709049639108	-8.049246464689297	-0.9674053187414005
Otu00352	-20.691160387340275	-12.817642883966313	-9.498720434789073
Otu00462	26.967017108228323	-123.44497106636139	-5.9084853256462075
Otu00427	35.152047281490404	-32.756311056894155	34.90491266758386
Otu00437	-4.128791296415791	-53.31264790294928	-34.49532489710844
Otu00612	58.59213879096768	-52.30015370539102	26.498189131353033
Otu00348	35.133727841618516	8.020724245828678	0.058212367757769404
Otu00405	11.933884896771817	-25.606508365316703	-5.536915199681427
Otu00543	39.77151500878424	-10.573052808749534	-22.311071325525983
Otu00473	-121.75397912935289	-48.01344114560383	-7.769955781065385
Otu00449	-59.00191019572316	-29.584049227784142	-26.562277362624407
Otu00357	-34.150196131777186	4.477474297213917	9.846598846379328
Otu00521	20.59210887229109	-33.81283502316114	-3.516679344612751
Otu00450	44.92588887466828	-70.55330652992582	-4.432331961301408
Otu00342	17.574539730845405	31.56553847339286	-56.694670287502824
Otu00391	67.29504382031435	-19.67799293654037	2.3854911763291677
Otu00451	70.16223144809607	-63.55029851907602	16.916710364612857
Otu00389	-156.84998064441731	48.13295233490482	17.999921614421606
Otu00396	48.52464355746258	-29.70130472983365	-6.910608477954761
Otu00796	7.419396633020338	-15.852840105430243	-63.54915689470699
Otu00290	-120.85396601368956	-46.9638475458281	11.51958383379234
Otu00393	32.99371497944297	-45.555654074392805	-20.72087244031877
Otu00506	39.75837281900954	-12.941745452883646	-5.107542481704243
Otu00288	-25.006486838564534	-22.541355684932466	2.7606419257114907
Otu00320	-29.645650066428665	-17.70044162315556	6.120051442297946
Otu00444	110.02454576890283	-79.8075884219295	-8.292310626961232
Otu00368	33.18891810451816	1.698313842183099	-7.964674498064408
Otu00351	-10.172382966388552	-7.201945791679599	-4.759034936745662
Otu00408	68.7764029721485	-35.04220373367818	1.4120427093089145
Otu00339	56.841501368792	-37.992289545496014	11.196061733233392
Otu00264	35.951074925754924	-19.43921003709123	14.039772275032648
Otu00261	-86.00699371838583	-24.08558225083365	-10.622468502701008
Otu00282	-66.23794774109447	-13.932903242966036	8.428005336147356
Otu00436	-127.2109061158438	-51.83951838712596	2.0134822612629355
Otu00401	45.73036615670094	4.5700834033832685	33.05122310302544
Otu00226	-105.53582846644443	40.34410873752079	89.65554446478653
Otu00400	37.39522189992654	-65.30288248325667	-17.90877181087556
Otu00258	-91.74204960271825	-20.671951025377705	6.273696140823778
Otu00273	-57.930232451620164	-36.68250882878787	-4.412671360562372
Otu00295	79.48192399280795	-42.52912469549427	7.592422933503379
Otu00323	64.53663307923274	0.213208773092716	-7.737326380452052
Otu00382	46.45705453117128	-17.489444068695253	-7.058960324685143
Otu00403	34.230643076956966	-16.738293081686006	-22.689039748472478
Otu00485	30.372073320585947	29.228757781634783	-36.60047100048902
Otu00225	37.433923810567336	-86.83869168356833	2.1614226803693173
Otu00316	28.718410960164316	-72.4950459427633	10.78806592322092
Otu00370	-169.58567037119974	-81.01836795406709	-30.87775220350105
Otu00914	-0.41310000229877125	-153.5388095275278	-40.42442232461196
Otu00326	76.43169463189163	-27.686408271293033	6.2886514292095335
Otu00336	40.87467337964178	-23.389718743225735	-6.508765077341129
Otu00381	38.32152853263366	-62.26402346453231	-5.362636507966422
Otu00293	43.45341691654662	-53.04514793532272	-0.5836128335139713
Otu00281	62.33867913922506	-51.134454182618825	-7.409432839849164
Otu00302	53.19395115255818	-134.27227942877994	35.520805886586054
Otu00306	24.10644124636425	-40.832339423410374	45.39175787343428
Otu00286	76.78610046959382	1.777804393400728	18.697616053076047
Otu00332	-111.08434010767502	-38.859589541857844	-12.07000373362808
Otu00331	-86.03386296643627	-41.12298933586837	5.668359802986717
Otu00363	-73.57546036810551	-13.32092798670169	6.448333711035591
Otu00246	12.829623620401156	-10.806768465502442	4.10030008395085
Otu00299	38.4716175475938	-77.9111836621111	6.4578980593679285
Otu00236	-75.30733319580577	26.641914452823567	30.37318037777566
Otu00233	61.48610635934364	-57.746504105027924	1.5547120732580866
Otu00266	71.20033784668541	-36.919461669428365	16.059826119659537
Otu00325	-159.8768460155899	-77.25392259143648	-41.86361339491361
Otu00319	98.88894431028204	-7.8464422818833945	10.044700498732151
Otu00347	-84.67148805803822	-20.061003208720212	5.59699887949794
Otu00260	65.03195130201449	-34.590070291896986	10.24942074562366
Otu00269	37.684048478480506	-7.689561655390209	42.86984679563109
Otu00413	69.65433575645764	-56.06992822579137	-20.42617959246497
Otu00312	56.70743529134651	-62.21756856803826	0.7785997548555871
Otu00298	46.323778180723714	-35.08103653642341	-3.949796786477507
Otu00141	-17.397464083448714	-12.045862952445882	7.318968506156917
Otu00311	19.265690723724077	-6.0182606350754195	-17.158936675337415
Otu00292	9.356037255293453	-134.96384936463284	-33.62298498020079
Otu00097	6.882156762541513	-14.605080455162838	5.599891538566748
Otu00328	31.44454498555983	-19.020756237969938	-29.71678841893556
Otu00275	-19.872335190160065	-40.321170293973395	5.749370689608595
Otu00666	39.30906636319173	-11.141538803642359	-81.22172017944693
Otu00220	-88.36828536192176	-12.594449478652642	-14.071229813336744
Otu00379	66.85911387576284	-44.13745844498595	1.5966141791017332
Otu00300	84.31332340420359	-65.1791062537478	-23.08370956265504
Otu00353	76.36358188678011	-126.96732698453809	12.58276577845478
Otu00262	-16.857832533782545	-15.003369511413661	-24.35492892241041
Otu00356	15.74576678903794	-9.273782674532768	-15.99644004013627
Otu00289	-46.88247443279667	-29.183723955415154	15.563477767019954
Otu00324	34.112923395389316	-60.84808078062982	-2.9093385390548354
Otu00166	-63.059501732089814	-5.551180320554994	5.221625615937519
Otu00291	54.57116514126797	-102.63877912172572	7.246059625542883
Otu00230	41.63577899512289	-42.33670096596149	-4.115991642696413
Otu00221	-150.34632644691484	-63.64586448335262	-2.4648336310335646
Otu00219	-154.75037945237938	-62.20219356658667	-20.23163553419559
Otu00173	25.873763979875847	-105.54642415101539	-17.631492790359545
Otu00198	55.810755416303124	-57.30775972065774	-10.241722220968208
Otu00191	17.782958791485132	-35.623343736757235	-1.3520061300767356
Otu00223	39.40101213201795	-16.129885083065936	-2.4509441933246956
Otu00247	-49.595410379986575	-37.3858147632271	3.0510683914206664
Otu00231	35.48549223559105	-63.990304163800154	-12.77394015820801
Otu00212	28.311891439709758	21.63269772139708	-95.97489282049149
Otu00224	71.04361017256826	-52.63472498258192	0.729978533189391
Otu00183	-9.733121046965072	19.698226178467788	-24.505435946251552
Otu00280	55.28558105662819	-51.08541888788971	4.409269048163752
Otu00333	62.606106688260176	-27.787025365231333	-19.090618146524054
Otu00239	53.45992442494446	-111.51800966119994	-16.729859747606195
Otu00162	-101.36467320644289	-0.9365891280566716	31.88758035488454
Otu00171	-37.31425551293189	9.429895543785156	-4.457143247436932
Otu00227	-55.174743331634325	-19.815558213359243	-6.295040483356538
Otu00251	46.36392359376013	-44.28757473733997	-4.83187256867953
Otu00270	80.94497732416883	-74.60420984914659	11.700461625129265
Otu00182	88.10489990352781	-40.80202320184726	20.521414261594035
Otu00203	18.546230756596763	-32.124396401777915	1.3780830175649836
Otu00154	-57.22262851413049	-9.828372150816742	-6.796551817916414
Otu00163	39.14339627206516	-27.81471764875734	-44.32269900135412
Otu00216	-19.031245286753233	-13.308198665881184	-6.218001679696297
Otu00205	42.52613922017653	-35.8723833025614	0.1634699307740609
Otu00217	-161.56233816622677	-77.52830599395512	-26.2847513975165
Otu00186	62.49660210802459	-38.64007499236252	12.28537779632371
Otu00207	53.53173279772312	-19.950776545413223	-7.402778992301232
Otu00196	38.17291958955753	21.298058580427316	38.594048823723575
Otu00177	29.82529771809094	-76.19187051011012	1.2193694569687588
Otu00155	-72.2677516259885	-25.309371947584946	-2.1549640073813383
Otu00249	67.91727118348278	-4.427908152369633	-9.034394511030444
Otu00206	37.19434340636057	-69.73377338854334	-8.457400675248982
Otu00287	-123.63840898970385	-36.44257053887061	-0.7194323657454244
Otu00126	-4.23201321182565	-48.64126706053456	-3.559494141331074
Otu00145	-3.511585818219339	-6.058722794613439	7.894434811233061
Otu00228	57.70533382462674	-38.14590830649928	5.393146551013771
Otu00241	58.82661163850044	-65.06300404737641	2.784978029129814
Otu00167	-8.970254089381928	-17.065160807953063	5.968247656055117
Otu00190	-31.123107339023765	-33.80483311546466	-26.375491106915767
Otu00152	19.901481199074425	-13.006522925328753	78.06719561360819
Otu00237	50.844403618540014	-4.486273141140824	-24.181787696265665
Otu00168	-92.32581600317758	-31.33167159228729	-7.324597173186991
Otu00156	-75.51033527272082	-27.632700737145004	0.7479059529299855
Otu00176	-107.46809024093453	-35.7045142398057	-10.219726739678746
Otu00165	70.10978987193722	-25.364991168410985	-4.57751879530201
Otu00235	75.33794016379099	-130.17901305864672	11.007434455073774
Otu00098	63.679451535768465	45.576351411203575	113.41540107224196
Otu00134	-33.81997768228647	-5.941373093117595	1.9637309743749478
Otu00131	-25.154907384196218	-3.653755246828122	-14.981499076715803
Otu00147	15.33262056363501	-57.83941544257141	10.537026896152085
Otu00143	82.47919917228889	-50.97979715376173	-4.673086109492889
Otu00130	-86.74484520518409	-26.59159179591962	7.789960746794131
Otu00135	84.69477476274729	-33.822814310950456	17.80788754494877
Otu00142	44.469799747913896	-33.150331169368116	14.111677567255962
Otu00115	-24.00693705977096	-10.61234225731906	-1.0783450296754646
Otu00136	34.91611195693562	-99.66107356318682	-4.663700314771778
Otu00144	-170.51356472061545	-84.63511756338437	-26.65349775457818
Otu00179	45.32496960020424	8.640947591346379	-21.42906521872957
Otu00153	-170.4641775720979	-87.32542464990794	-30.62623437597789
Otu00151	19.432449825446508	-25.134299027549645	-20.699902797962814
Otu00107	22.234217316156315	-52.44259571534212	-15.606642031311011
Otu00117	62.02963511520567	-18.40762379222816	54.34939740946118
Otu00060	-29.115654328733484	-17.97496808290785	5.2949854822240905
Otu00114	52.9957884956201	-71.21225993106805	-2.9552535478343893
Otu00089	73.3256855188838	1.3841017836275733	12.980758080396512
Otu00146	-22.597995014516822	-33.676663868864985	51.4697896952842
Otu00100	10.776810194275944	-31.47793351991299	1.0439886220410572
Otu00120	-109.04310907291917	-38.64283877162411	3.9467024292022734
Otu00090	66.34567870594161	-46.843474527667546	1.2521895653274264
Otu00095	-112.48039658138435	-33.702158440882094	-7.2020777195499734
Otu00188	74.90568539660093	-59.2176192040642	-4.7465885650378
Otu00140	-108.65538994269835	-50.0297278028402	-7.185143956902878
Otu00138	72.62907901953294	-61.946201560083914	6.491119650749081
Otu00091	77.96313395339112	-34.94075420356102	15.692049478005657
Otu00124	0.7393516927680072	-177.5207791249104	-37.27480663051659
Otu00112	-123.61975964496453	-44.8807159384246	-2.123076629185779
Otu00099	58.514164687983154	-4.238994300699553	12.401295689227963
Otu00104	-61.3841695317699	-13.935772310921646	4.229684070267578
Otu00149	46.51493992642032	-16.579787745655715	-21.505230630802558
Otu00092	81.45854904855744	-94.70113431285807	-11.785916526445593
Otu00105	-148.23610275132106	-67.81846459213664	-9.73396319112816
Otu00122	68.32800487496664	-123.46216458037614	111.28979642024251
Otu00201	68.89866176553495	-145.44026024203856	60.14616051219088
Otu00096	48.09290128623681	-35.231781769845725	-16.2007581270229
Otu00058	45.319264061934845	-53.85277115789439	12.958775440543333
Otu00071	73.11816601390147	-90.3403837562439	12.867295731515693
Otu00072	45.061010780709886	-27.583062373760065	-2.323539044214397
Otu00080	-76.11758590645425	-18.511911479408585	-8.143352570725977
Otu00050	-73.27160493744327	-9.78467513053744	17.641567906864505
Otu00073	53.0566851283258	-46.75481630778875	-11.87862635183265
Otu00049	34.56607531102455	-61.21473226896682	12.121277537649785
Otu00069	46.35041374407944	-100.98999281182031	14.446428581540774
Otu00051	-77.10366092967446	-59.7403886039044	2.1906633216960913
Otu00083	63.16135101943739	-70.47257299054517	3.756292214073683
Otu00065	57.35454381909159	-42.94176619661544	-20.45931925914406
Otu00075	52.73301271492282	-111.03448563087416	6.1214423339490684
Otu00042	40.06427270151914	-68.72612702127081	11.154750383160522
Otu00057	-135.0992904882754	-64.98108829630264	-27.905060666282797
Otu00059	35.97940789014511	-19.975658220645013	6.518889281523273
Otu00056	91.10453927153145	-121.09806698525038	52.86387047437438
Otu00047	-14.241676999006119	-71.96661376575352	-9.44917819211857
Otu00068	39.96550672176463	1.3706231905941626	-57.61036413898973
Otu00038	28.748492629024643	-4.409809684946635	2.310623951919894
Otu00043	32.110700486239644	-23.73003428515646	0.18121397720993296
Otu00034	57.49347946624686	-76.47883426529768	0.7403288329844898
Otu00030	-103.9837804111651	-202.4548635598961	33.471869962822915
Otu00027	21.530681282336104	-2.5230032717503317	-32.734219765140836
Otu00025	54.54870183758822	-53.532156035338424	-11.194370106970997
Otu00028	-76.69281168931413	-17.597319567763435	1.9752883596530662
Otu00053	38.127039064033	-111.37409234412199	174.0456886355699
Otu00021	60.5156885512992	-52.62117435022932	-18.09812536592254
Otu00022	35.64338967949103	-42.74227819356922	1.3438392322365598
Otu00009	25.67049574460842	21.37634257177888	-6.428952108642586
Otu00006	-1.9199906950922432	-227.90918929210252	-26.17188846016198
